i,523,2.47538811056418
x,357,1.6897008708822416
y,330,1.5619083680424082
player,303,1.4341158652025747
game,274,1.296857251041272
event,271,1.2826580840590684
map,264,1.2495266944339267
button,245,1.1595986368799696
state,244,1.1548655812192352
item,242,1.145399469897766
name,234,1.1075350246118894
tile,220,1.0412722453616057
current,180,0.8519500189322226
inventory,167,0.7904202953426732
quest,164,0.7762211283604695
max,161,0.7620219613782658
label,160,0.7572889057175313
d,153,0.7241575160923892
p,150,0.7099583491101855
level,141,0.6673608481635744
num,140,0.6626277925028399
is,134,0.6342294585384325
entity,123,0.5821658462703522
e,121,0.572699734948883
screen,120,0.5679666792881485
val,118,0.5585005679666794
u,112,0.5301022340022719
time,111,0.5253691783415373
value,108,0.5111700113593336
index,105,0.4969708443771299
width,105,0.4969708443771299
slot,103,0.4875047330556608
type,101,0.4780386217341916
manager,100,0.473305566073457
sprite,96,0.4543733434305188
config,92,0.4354411207875805
text,90,0.4259750094661113
hp,89,0.4212419538053767
table,89,0.4212419538053767
battle,88,0.4165088981446421
height,87,0.4117758424839076
new,85,0.4023097311624385
enemy,85,0.4023097311624385
position,84,0.3975766755017039
mock,84,0.3975766755017039
id,84,0.3975766755017039
move,79,0.373911397198031
s,78,0.3691783415372965
json,76,0.3597122302158274
start,76,0.3597122302158274
items,73,0.3455130632336236
anim,73,0.3455130632336236
path,73,0.3455130632336236
g,72,0.340780007572889
l,71,0.3360469519121545
image,71,0.3360469519121545
dialog,69,0.3265808405906854
speed,66,0.3123816736084817
stage,62,0.2934494509655433
task,61,0.2887163953048088
profile,61,0.2887163953048088
kingdom,60,0.2839833396440742
file,60,0.2839833396440742
frame,59,0.2792502839833397
menu,58,0.274517228322605
logger,58,0.274517228322605
score,58,0.274517228322605
min,57,0.2697841726618705
bottom,57,0.2697841726618705
turn,56,0.2650511170011359
up,55,0.2603180613404013
m,55,0.2603180613404013
right,55,0.2603180613404013
dmg,53,0.2508519500189322
music,53,0.2508519500189322
a,52,0.2461188943581976
tiles,52,0.2461188943581976
dt,50,0.2366527830367285
to,50,0.2366527830367285
input,49,0.2319197273759939
labe,49,0.2319197273759939
bonus,49,0.2319197273759939
r,48,0.2271866717152594
animation,48,0.2271866717152594
observer,47,0.2224536160545248
stat,46,0.2177205603937902
img,46,0.2177205603937902
font,45,0.2129875047330556
b,45,0.2129875047330556
color,45,0.2129875047330556
next,45,0.2129875047330556
buttons,44,0.208254449072321
coords,44,0.208254449072321
bar,44,0.208254449072321
world,44,0.208254449072321
c,44,0.208254449072321
mouse,43,0.2035213934115865
mp,43,0.2035213934115865
class,42,0.1987883377508519
left,42,0.1987883377508519
xp,41,0.1940552820901173
j,41,0.1940552820901173
delta,41,0.1940552820901173
texture,41,0.1940552820901173
damage,41,0.1940552820901173
pos,41,0.1940552820901173
camera,41,0.1940552820901173
save,40,0.1893222264293828
panel,40,0.1893222264293828
bot,40,0.1893222264293828
pointer,40,0.1893222264293828
butto,40,0.1893222264293828
top,40,0.1893222264293828
my,39,0.1845891707686482
layer,39,0.1845891707686482
count,39,0.1845891707686482
style,39,0.1845891707686482
preferences,39,0.1845891707686482
scree,38,0.1798561151079137
full,38,0.1798561151079137
seed,37,0.1751230594471791
default,36,0.1703900037864445
message,36,0.1703900037864445
graph,36,0.1703900037864445
size,36,0.1703900037864445
hud,36,0.1703900037864445
target,35,0.1656569481257099
info,35,0.1656569481257099
shape,35,0.1656569481257099
end,35,0.1656569481257099
active,35,0.1656569481257099
result,35,0.1656569481257099
batch,35,0.1656569481257099
object,34,0.1609238924649754
renderer,34,0.1609238924649754
tabl,33,0.1561908368042408
conversation,33,0.1561908368042408
in,33,0.1561908368042408
background,33,0.1561908368042408
list,32,0.1514577811435062
intelligence,32,0.1514577811435062
source,32,0.1514577811435062
gold,32,0.1514577811435062
string,32,0.1514577811435062
version,32,0.1514577811435062
status,32,0.1514577811435062
dependency,31,0.1467247254827716
enchant,31,0.1467247254827716
ghost,31,0.1467247254827716
show,31,0.1467247254827716
set,31,0.1467247254827716
option,30,0.1419916698220371
margin,30,0.1419916698220371
key,29,0.1372586141613025
cells,29,0.1372586141613025
h,29,0.1372586141613025
content,29,0.1372586141613025
stats,29,0.1372586141613025
increase,29,0.1372586141613025
playe,28,0.1325255585005679
scroll,28,0.1325255585005679
beach,28,0.1325255585005679
stag,28,0.1325255585005679
line,28,0.1325255585005679
desc,28,0.1325255585005679
transition,27,0.1277925028398334
strength,27,0.1277925028398334
prev,27,0.1277925028398334
t,26,0.1230594471790988
play,26,0.1230594471790988
imag,26,0.1230594471790988
icon,26,0.1230594471790988
sprites,26,0.1230594471790988
select,26,0.1230594471790988
moves,25,0.1183263915183642
previous,25,0.1183263915183642
timer,25,0.1183263915183642
base,25,0.1183263915183642
density,25,0.1183263915183642
exit,25,0.1183263915183642
px,25,0.1183263915183642
ma,25,0.1183263915183642
water,25,0.1183263915183642
actor,25,0.1183263915183642
offset,24,0.1135933358576297
smove,24,0.1135933358576297
down,24,0.1135933358576297
back,24,0.1135933358576297
dead,24,0.1135933358576297
character,24,0.1135933358576297
shield,24,0.1135933358576297
row,24,0.1135933358576297
opponent,24,0.1135933358576297
mgr,24,0.1135933358576297
rendere,23,0.1088602801968951
frames,23,0.1088602801968951
unit,23,0.1088602801968951
remove,23,0.1088602801968951
tasks,23,0.1088602801968951
n,23,0.1088602801968951
held,23,0.1088602801968951
auto,22,0.1041272245361605
title,22,0.1041272245361605
ball,22,0.1041272245361605
selected,22,0.1041272245361605
field,22,0.1041272245361605
pref,21,0.0993941688754259
total,21,0.0993941688754259
prefs,21,0.0993941688754259
crash,21,0.0993941688754259
main,21,0.0993941688754259
heal,21,0.0993941688754259
positio,21,0.0993941688754259
init,21,0.0993941688754259
block,21,0.0993941688754259
skin,21,0.0993941688754259
units,21,0.0993941688754259
location,20,0.0946611132146914
energy,20,0.0946611132146914
slide,20,0.0946611132146914
nam,20,0.0946611132146914
points,20,0.0946611132146914
graphics,20,0.0946611132146914
exp,20,0.0946611132146914
hand,20,0.0946611132146914
equip,20,0.0946611132146914
typ,20,0.0946611132146914
inde,20,0.0946611132146914
neighbor,20,0.0946611132146914
health,20,0.0946611132146914
entities,20,0.0946611132146914
scenario,19,0.0899280575539568
render,19,0.0899280575539568
boss,19,0.0899280575539568
property,19,0.0899280575539568
copy,19,0.0899280575539568
velocity,19,0.0899280575539568
players,19,0.0899280575539568
amount,19,0.0899280575539568
buy,19,0.0899280575539568
slots,19,0.0899280575539568
from,19,0.0899280575539568
attack,19,0.0899280575539568
report,19,0.0899280575539568
bus,19,0.0899280575539568
store,18,0.0851950018932222
pane,18,0.0851950018932222
viewport,18,0.0851950018932222
ui,18,0.0851950018932222
rect,18,0.0851950018932222
cursor,18,0.0851950018932222
random,18,0.0851950018932222
resource,18,0.0851950018932222
delay,18,0.0851950018932222
red,18,0.0851950018932222
dir,18,0.0851950018932222
ret,18,0.0851950018932222
tree,18,0.0851950018932222
obj,18,0.0851950018932222
picked,17,0.0804619462324877
use,17,0.0804619462324877
filename,17,0.0804619462324877
args,17,0.0804619462324877
selection,17,0.0804619462324877
drop,17,0.0804619462324877
number,17,0.0804619462324877
white,17,0.0804619462324877
positions,17,0.0804619462324877
spawn,17,0.0804619462324877
banner,16,0.0757288905717531
particle,16,0.0757288905717531
dy,16,0.0757288905717531
col,16,0.0757288905717531
rm,16,0.0757288905717531
hit,16,0.0757288905717531
chance,16,0.0757288905717531
ingame,15,0.0709958349110185
add,15,0.0709958349110185
jso,15,0.0709958349110185
expect,15,0.0709958349110185
old,15,0.0709958349110185
point,15,0.0709958349110185
effect,15,0.0709958349110185
observers,15,0.0709958349110185
normal,15,0.0709958349110185
box,15,0.0709958349110185
atlas,15,0.0709958349110185
widt,14,0.0662627792502839
collision,14,0.0662627792502839
contents,14,0.0662627792502839
configs,14,0.0662627792502839
rarity,14,0.0662627792502839
styl,14,0.0662627792502839
dao,14,0.0662627792502839
sound,14,0.0662627792502839
duration,14,0.0662627792502839
btn,14,0.0662627792502839
window,14,0.0662627792502839
even,14,0.0662627792502839
mode,14,0.0662627792502839
editor,14,0.0662627792502839
handle,14,0.0662627792502839
jump,14,0.0662627792502839
win,14,0.0662627792502839
sun,14,0.0662627792502839
incremental,13,0.0615297235895494
tim,13,0.0615297235895494
heigh,13,0.0615297235895494
hex,13,0.0615297235895494
spee,13,0.0615297235895494
spritesheet,13,0.0615297235895494
manage,13,0.0615297235895494
factor,13,0.0615297235895494
animated,13,0.0615297235895494
elite,13,0.0615297235895494
region,13,0.0615297235895494
dx,13,0.0615297235895494
keycode,13,0.0615297235895494
header,13,0.0615297235895494
handler,13,0.0615297235895494
group,13,0.0615297235895494
bu,13,0.0615297235895494
shop,13,0.0615297235895494
neighbors,13,0.0615297235895494
k,13,0.0615297235895494
ski,13,0.0615297235895494
bg,13,0.0615297235895494
last,13,0.0615297235895494
enabled,13,0.0615297235895494
dice,12,0.0567966679288148
multiplier,12,0.0567966679288148
the,12,0.0567966679288148
mines,12,0.0567966679288148
component,12,0.0567966679288148
coma,12,0.0567966679288148
coun,12,0.0567966679288148
array,12,0.0567966679288148
enter,12,0.0567966679288148
root,12,0.0567966679288148
stop,12,0.0567966679288148
first,12,0.0567966679288148
land,12,0.0567966679288148
url,12,0.0567966679288148
tick,12,0.0567966679288148
properties,12,0.0567966679288148
instance,12,0.0567966679288148
kingdoms,12,0.0567966679288148
accuracy,12,0.0567966679288148
msg,12,0.0567966679288148
action,12,0.0567966679288148
graphic,12,0.0567966679288148
temp,12,0.0567966679288148
board,12,0.0567966679288148
town,12,0.0567966679288148
controls,12,0.0567966679288148
click,12,0.0567966679288148
levels,11,0.0520636122680802
volume,11,0.0520636122680802
effects,11,0.0520636122680802
lab,11,0.0520636122680802
clip,11,0.0520636122680802
scor,11,0.0520636122680802
mass,11,0.0520636122680802
raindrop,11,0.0520636122680802
area,11,0.0520636122680802
out,11,0.0520636122680802
z,11,0.0520636122680802
custom,11,0.0520636122680802
for,11,0.0520636122680802
castle,11,0.0520636122680802
star,11,0.0520636122680802
ba,11,0.0520636122680802
f,11,0.0520636122680802
settings,11,0.0520636122680802
node,11,0.0520636122680802
sfx,11,0.0520636122680802
percentage,11,0.0520636122680802
progress,11,0.0520636122680802
texts,11,0.0520636122680802
labels,11,0.0520636122680802
da,11,0.0520636122680802
rare,11,0.0520636122680802
undo,11,0.0520636122680802
npc,11,0.0520636122680802
with,11,0.0520636122680802
lane,11,0.0520636122680802
other,11,0.0520636122680802
winner,11,0.0520636122680802
audio,11,0.0520636122680802
description,11,0.0520636122680802
cols,11,0.0520636122680802
gdx,11,0.0520636122680802
has,11,0.0520636122680802
finished,11,0.0520636122680802
and,11,0.0520636122680802
camer,11,0.0520636122680802
distance,11,0.0520636122680802
batc,11,0.0520636122680802
moving,10,0.0473305566073457
mute,10,0.0473305566073457
code,10,0.0473305566073457
damag,10,0.0473305566073457
lives,10,0.0473305566073457
over,10,0.0473305566073457
ps,10,0.0473305566073457
cam,10,0.0473305566073457
enemies,10,0.0473305566073457
return,10,0.0473305566073457
intimidate,10,0.0473305566073457
leve,10,0.0473305566073457
sprit,10,0.0473305566073457
scale,10,0.0473305566073457
ratio,10,0.0473305566073457
sell,10,0.0473305566073457
gp,10,0.0473305566073457
serial,10,0.0473305566073457
righ,10,0.0473305566073457
optional,10,0.0473305566073457
factory,10,0.0473305566073457
mhp,10,0.0473305566073457
starting,10,0.0473305566073457
portal,10,0.0473305566073457
can,10,0.0473305566073457
zoom,10,0.0473305566073457
objective,10,0.0473305566073457
inv,10,0.0473305566073457
death,10,0.0473305566073457
double,10,0.0473305566073457
expected,9,0.0425975009466111
added,9,0.0425975009466111
teleport,9,0.0425975009466111
listener,9,0.0425975009466111
attribute,9,0.0425975009466111
choice,9,0.0425975009466111
center,9,0.0425975009466111
step,9,0.0425975009466111
legendary,9,0.0425975009466111
diff,9,0.0425975009466111
epic,9,0.0425975009466111
common,9,0.0425975009466111
capital,9,0.0425975009466111
credits,9,0.0425975009466111
attacking,9,0.0425975009466111
particles,9,0.0425975009466111
focus,9,0.0425975009466111
drag,9,0.0425975009466111
does,9,0.0425975009466111
draw,9,0.0425975009466111
pixel,9,0.0425975009466111
send,9,0.0425975009466111
load,9,0.0425975009466111
va,9,0.0425975009466111
theme,9,0.0425975009466111
them,9,0.0425975009466111
des,9,0.0425975009466111
actors,9,0.0425975009466111
mine,9,0.0425975009466111
elapsed,9,0.0425975009466111
on,9,0.0425975009466111
control,9,0.0425975009466111
v,9,0.0425975009466111
best,8,0.0378644452858765
cached,8,0.0378644452858765
about,8,0.0378644452858765
local,8,0.0378644452858765
forgotten,8,0.0378644452858765
nbr,8,0.0378644452858765
peasant,8,0.0378644452858765
round,8,0.0378644452858765
single,8,0.0378644452858765
origin,8,0.0378644452858765
command,8,0.0378644452858765
short,8,0.0378644452858765
reader,8,0.0378644452858765
padding,8,0.0378644452858765
defeated,8,0.0378644452858765
reward,8,0.0378644452858765
data,8,0.0378644452858765
tag,8,0.0378644452858765
ani,8,0.0378644452858765
distract,8,0.0378644452858765
should,8,0.0378644452858765
destination,8,0.0378644452858765
rng,8,0.0378644452858765
sta,8,0.0378644452858765
weather,8,0.0378644452858765
lef,8,0.0378644452858765
blocked,8,0.0378644452858765
emote,8,0.0378644452858765
br,8,0.0378644452858765
at,8,0.0378644452858765
idle,8,0.0378644452858765
walking,8,0.0378644452858765
question,8,0.0378644452858765
gam,8,0.0378644452858765
db,8,0.0378644452858765
townfolk,8,0.0378644452858765
used,8,0.0378644452858765
cycle,8,0.0378644452858765
cumulative,8,0.0378644452858765
high,8,0.0378644452858765
fon,8,0.0378644452858765
connection,8,0.0378644452858765
stun,8,0.0378644452858765
cannon,8,0.0378644452858765
crit,8,0.0378644452858765
piece,8,0.0378644452858765
turns,7,0.0331313896251419
conten,7,0.0331313896251419
snowflake,7,0.0331313896251419
styles,7,0.0331313896251419
parent,7,0.0331313896251419
nodes,7,0.0331313896251419
strs,7,0.0331313896251419
savings,7,0.0331313896251419
complete,7,0.0331313896251419
saves,7,0.0331313896251419
fps,7,0.0331313896251419
tooltip,7,0.0331313896251419
thread,7,0.0331313896251419
possible,7,0.0331313896251419
blue,7,0.0331313896251419
mov,7,0.0331313896251419
orthographic,7,0.0331313896251419
fade,7,0.0331313896251419
darkened,7,0.0331313896251419
sand,7,0.0331313896251419
zombie,7,0.0331313896251419
bounds,7,0.0331313896251419
keys,7,0.0331313896251419
before,7,0.0331313896251419
lvl,7,0.0331313896251419
pause,7,0.0331313896251419
skip,7,0.0331313896251419
rabite,7,0.0331313896251419
names,7,0.0331313896251419
w,7,0.0331313896251419
lose,7,0.0331313896251419
flag,7,0.0331313896251419
reset,7,0.0331313896251419
toolti,7,0.0331313896251419
ids,7,0.0331313896251419
cost,7,0.0331313896251419
pat,7,0.0331313896251419
evt,7,0.0331313896251419
was,7,0.0331313896251419
resume,7,0.0331313896251419
atk,7,0.0331313896251419
wave,7,0.0331313896251419
str,7,0.0331313896251419
times,7,0.0331313896251419
curr,7,0.0331313896251419
played,7,0.0331313896251419
food,7,0.0331313896251419
direction,7,0.0331313896251419
hexagon,6,0.0283983339644074
initial,6,0.0283983339644074
streak,6,0.0283983339644074
critical,6,0.0283983339644074
mark,6,0.0283983339644074
o,6,0.0283983339644074
peashooter,6,0.0283983339644074
switch,6,0.0283983339644074
resulting,6,0.0283983339644074
logo,6,0.0283983339644074
loop,6,0.0283983339644074
of,6,0.0283983339644074
minus,6,0.0283983339644074
unweak,6,0.0283983339644074
pend,6,0.0283983339644074
multiplexer,6,0.0283983339644074
filter,6,0.0283983339644074
container,6,0.0283983339644074
dp,6,0.0283983339644074
ap,6,0.0283983339644074
bitmap,6,0.0283983339644074
listene,6,0.0283983339644074
protection,6,0.0283983339644074
place,6,0.0283983339644074
drawable,6,0.0283983339644074
disable,6,0.0283983339644074
non,6,0.0283983339644074
thumb,6,0.0283983339644074
pending,6,0.0283983339644074
pea,6,0.0283983339644074
animations,6,0.0283983339644074
pass,6,0.0283983339644074
vfx,6,0.0283983339644074
scoreboard,6,0.0283983339644074
reflect,6,0.0283983339644074
animatio,6,0.0283983339644074
explosions,6,0.0283983339644074
candidate,6,0.0283983339644074
reachable,6,0.0283983339644074
hi,6,0.0283983339644074
warn,6,0.0283983339644074
statement,6,0.0283983339644074
topple,6,0.0283983339644074
saved,6,0.0283983339644074
limit,6,0.0283983339644074
sacrifice,6,0.0283983339644074
details,6,0.0283983339644074
discover,6,0.0283983339644074
invert,6,0.0283983339644074
valu,6,0.0283983339644074
walk,6,0.0283983339644074
length,6,0.0283983339644074
pressed,6,0.0283983339644074
notification,6,0.0283983339644074
redraw,6,0.0283983339644074
pool,6,0.0283983339644074
battl,6,0.0283983339644074
co,6,0.0283983339644074
strea,6,0.0283983339644074
ex,6,0.0283983339644074
statistics,6,0.0283983339644074
viewpor,6,0.0283983339644074
buttonclick,6,0.0283983339644074
actions,6,0.0283983339644074
tab,6,0.0283983339644074
void,6,0.0283983339644074
asset,6,0.0283983339644074
conquer,6,0.0283983339644074
orig,6,0.0283983339644074
remov,6,0.0283983339644074
empty,5,0.0236652783036728
green,5,0.0236652783036728
al,5,0.0236652783036728
separator,5,0.0236652783036728
winning,5,0.0236652783036728
format,5,0.0236652783036728
locked,5,0.0236652783036728
builder,5,0.0236652783036728
gained,5,0.0236652783036728
fire,5,0.0236652783036728
none,5,0.0236652783036728
unlocked,5,0.0236652783036728
display,5,0.0236652783036728
jumping,5,0.0236652783036728
smovese,5,0.0236652783036728
smoveset,5,0.0236652783036728
tl,5,0.0236652783036728
income,5,0.0236652783036728
changed,5,0.0236652783036728
siz,5,0.0236652783036728
dea,5,0.0236652783036728
comanum,5,0.0236652783036728
won,5,0.0236652783036728
healing,5,0.0236652783036728
loweredetched,5,0.0236652783036728
fram,5,0.0236652783036728
radius,5,0.0236652783036728
rain,5,0.0236652783036728
multiplexe,5,0.0236652783036728
charging,5,0.0236652783036728
teleporting,5,0.0236652783036728
passed,5,0.0236652783036728
bi,5,0.0236652783036728
arg,5,0.0236652783036728
die,5,0.0236652783036728
coord,5,0.0236652783036728
quit,5,0.0236652783036728
versio,5,0.0236652783036728
locatio,5,0.0236652783036728
int,5,0.0236652783036728
probability,5,0.0236652783036728
slow,5,0.0236652783036728
dark,5,0.0236652783036728
changelog,5,0.0236652783036728
no,5,0.0236652783036728
close,5,0.0236652783036728
tex,5,0.0236652783036728
visible,5,0.0236652783036728
github,5,0.0236652783036728
blacksmith,5,0.0236652783036728
loader,5,0.0236652783036728
repo,5,0.0236652783036728
slid,5,0.0236652783036728
dialo,5,0.0236652783036728
setting,5,0.0236652783036728
protect,5,0.0236652783036728
tm,5,0.0236652783036728
layout,5,0.0236652783036728
def,5,0.0236652783036728
stor,5,0.0236652783036728
ca,5,0.0236652783036728
loaded,5,0.0236652783036728
ready,5,0.0236652783036728
dependencies,5,0.0236652783036728
tx,5,0.0236652783036728
rows,5,0.0236652783036728
special,5,0.0236652783036728
controlle,5,0.0236652783036728
overwrite,5,0.0236652783036728
controller,5,0.0236652783036728
cd,5,0.0236652783036728
head,5,0.0236652783036728
headline,5,0.0236652783036728
ax,5,0.0236652783036728
disabled,5,0.0236652783036728
regions,5,0.0236652783036728
slo,5,0.0236652783036728
payload,5,0.0236652783036728
backgroun,5,0.0236652783036728
by,5,0.0236652783036728
enable,5,0.0236652783036728
ay,5,0.0236652783036728
done,5,0.0236652783036728
de,5,0.0236652783036728
bounding,5,0.0236652783036728
pad,5,0.0236652783036728
bt,5,0.0236652783036728
opacity,5,0.0236652783036728
ms,5,0.0236652783036728
hu,5,0.0236652783036728
equips,5,0.0236652783036728
encountered,5,0.0236652783036728
stream,5,0.0236652783036728
atla,5,0.0236652783036728
musi,4,0.0189322226429382
ground,4,0.0189322226429382
dro,4,0.0189322226429382
looping,4,0.0189322226429382
boar,4,0.0189322226429382
pacman,4,0.0189322226429382
wand,4,0.0189322226429382
spawns,4,0.0189322226429382
arm,4,0.0189322226429382
environmental,4,0.0189322226429382
folk,4,0.0189322226429382
losing,4,0.0189322226429382
mage,4,0.0189322226429382
second,4,0.0189322226429382
playing,4,0.0189322226429382
choices,4,0.0189322226429382
conversations,4,0.0189322226429382
drops,4,0.0189322226429382
retry,4,0.0189322226429382
phrase,4,0.0189322226429382
rectangle,4,0.0189322226429382
entitie,4,0.0189322226429382
per,4,0.0189322226429382
physical,4,0.0189322226429382
template,4,0.0189322226429382
bluecoma,4,0.0189322226429382
mx,4,0.0189322226429382
redcoma,4,0.0189322226429382
required,4,0.0189322226429382
weak,4,0.0189322226429382
pan,4,0.0189322226429382
sent,4,0.0189322226429382
vec,4,0.0189322226429382
loc,4,0.0189322226429382
characters,4,0.0189322226429382
enchants,4,0.0189322226429382
weaken,4,0.0189322226429382
descriptio,4,0.0189322226429382
children,4,0.0189322226429382
un,4,0.0189322226429382
stuck,4,0.0189322226429382
overlay,4,0.0189322226429382
disposables,4,0.0189322226429382
responsive,4,0.0189322226429382
treshold,4,0.0189322226429382
tur,4,0.0189322226429382
smart,4,0.0189322226429382
avg,4,0.0189322226429382
interesting,4,0.0189322226429382
quests,4,0.0189322226429382
offensive,4,0.0189322226429382
view,4,0.0189322226429382
lbl,4,0.0189322226429382
virtual,4,0.0189322226429382
dar,4,0.0189322226429382
stub,4,0.0189322226429382
moff,4,0.0189322226429382
interact,4,0.0189322226429382
test,4,0.0189322226429382
login,4,0.0189322226429382
logical,4,0.0189322226429382
slider,4,0.0189322226429382
remainder,4,0.0189322226429382
valid,4,0.0189322226429382
restore,4,0.0189322226429382
redcourseplace,4,0.0189322226429382
redgoal,4,0.0189322226429382
bluestart,4,0.0189322226429382
blocking,4,0.0189322226429382
redstart,4,0.0189322226429382
courseplace,4,0.0189322226429382
removal,4,0.0189322226429382
black,4,0.0189322226429382
change,4,0.0189322226429382
blocks,4,0.0189322226429382
metrics,4,0.0189322226429382
vy,4,0.0189322226429382
eta,4,0.0189322226429382
launch,4,0.0189322226429382
ia,4,0.0189322226429382
pre,4,0.0189322226429382
maxdmg,4,0.0189322226429382
rand,4,0.0189322226429382
mindmg,4,0.0189322226429382
floor,4,0.0189322226429382
run,4,0.0189322226429382
ev,4,0.0189322226429382
order,4,0.0189322226429382
smoves,4,0.0189322226429382
rendering,4,0.0189322226429382
im,4,0.0189322226429382
regular,4,0.0189322226429382
deviated,4,0.0189322226429382
componen,4,0.0189322226429382
log,4,0.0189322226429382
information,4,0.0189322226429382
rep,4,0.0189322226429382
validation,4,0.0189322226429382
gol,4,0.0189322226429382
hextile,4,0.0189322226429382
darken,4,0.0189322226429382
lines,4,0.0189322226429382
colo,4,0.0189322226429382
executor,4,0.0189322226429382
gesture,4,0.0189322226429382
sizes,4,0.0189322226429382
pb,4,0.0189322226429382
bounce,4,0.0189322226429382
gravity,4,0.0189322226429382
codes,4,0.0189322226429382
modes,4,0.0189322226429382
flinch,4,0.0189322226429382
healt,4,0.0189322226429382
falling,4,0.0189322226429382
fall,4,0.0189322226429382
tr,4,0.0189322226429382
bl,4,0.0189322226429382
produce,4,0.0189322226429382
rnd,4,0.0189322226429382
enemie,4,0.0189322226429382
begin,4,0.0189322226429382
toggle,4,0.0189322226429382
explosion,4,0.0189322226429382
ste,4,0.0189322226429382
shiel,4,0.0189322226429382
hea,4,0.0189322226429382
bat,4,0.0189322226429382
titl,4,0.0189322226429382
porta,4,0.0189322226429382
sunflower,4,0.0189322226429382
freeze,4,0.0189322226429382
shoot,4,0.0189322226429382
goal,4,0.0189322226429382
warning,4,0.0189322226429382
escape,4,0.0189322226429382
context,4,0.0189322226429382
recording,4,0.0189322226429382
banne,4,0.0189322226429382
wheel,4,0.0189322226429382
half,4,0.0189322226429382
games,4,0.0189322226429382
original,4,0.0189322226429382
outer,4,0.0189322226429382
siren,4,0.0189322226429382
started,4,0.0189322226429382
longest,4,0.0189322226429382
paste,4,0.0189322226429382
selec,4,0.0189322226429382
offse,3,0.0141991669822037
values,3,0.0141991669822037
laye,3,0.0141991669822037
long,3,0.0141991669822037
vector,3,0.0141991669822037
clickable,3,0.0141991669822037
act,3,0.0141991669822037
sheet,3,0.0141991669822037
road,3,0.0141991669822037
equipped,3,0.0141991669822037
ke,3,0.0141991669822037
any,3,0.0141991669822037
trimmed,3,0.0141991669822037
exist,3,0.0141991669822037
exists,3,0.0141991669822037
inventor,3,0.0141991669822037
req,3,0.0141991669822037
assets,3,0.0141991669822037
containe,3,0.0141991669822037
all,3,0.0141991669822037
obtaine,3,0.0141991669822037
copied,3,0.0141991669822037
jj,3,0.0141991669822037
continue,3,0.0141991669822037
commands,3,0.0141991669822037
shot,3,0.0141991669822037
flow,3,0.0141991669822037
op,3,0.0141991669822037
fly,3,0.0141991669822037
physics,3,0.0141991669822037
grid,3,0.0141991669822037
platform,3,0.0141991669822037
preference,3,0.0141991669822037
intelligenc,3,0.0141991669822037
loade,3,0.0141991669822037
exception,3,0.0141991669822037
licenses,3,0.0141991669822037
throwable,3,0.0141991669822037
must,3,0.0141991669822037
alpha,3,0.0141991669822037
composite,3,0.0141991669822037
hints,3,0.0141991669822037
logs,3,0.0141991669822037
opponen,3,0.0141991669822037
tables,3,0.0141991669822037
space,3,0.0141991669822037
backgrounds,3,0.0141991669822037
validate,3,0.0141991669822037
q,3,0.0141991669822037
ge,3,0.0141991669822037
hash,3,0.0141991669822037
coin,3,0.0141991669822037
ray,3,0.0141991669822037
reduction,3,0.0141991669822037
velocit,3,0.0141991669822037
btm,3,0.0141991669822037
difficulty,3,0.0141991669822037
associated,3,0.0141991669822037
horizontal,3,0.0141991669822037
bal,3,0.0141991669822037
components,3,0.0141991669822037
eight,3,0.0141991669822037
effec,3,0.0141991669822037
ini,3,0.0141991669822037
plus,3,0.0141991669822037
bluegoal,3,0.0141991669822037
dow,3,0.0141991669822037
com,3,0.0141991669822037
comagoal,3,0.0141991669822037
confused,3,0.0141991669822037
bluecourseplace,3,0.0141991669822037
surprised,3,0.0141991669822037
upattacking,3,0.0141991669822037
param,3,0.0141991669822037
dashing,3,0.0141991669822037
knockback,3,0.0141991669822037
brush,3,0.0141991669822037
resized,3,0.0141991669822037
icons,3,0.0141991669822037
restart,3,0.0141991669822037
mon,3,0.0141991669822037
actio,3,0.0141991669822037
ls,3,0.0141991669822037
comacolor,3,0.0141991669822037
stepnum,3,0.0141991669822037
bwr,3,0.0141991669822037
nowplace,3,0.0141991669822037
lifespan,3,0.0141991669822037
date,3,0.0141991669822037
ico,3,0.0141991669822037
vegetation,3,0.0141991669822037
ou,3,0.0141991669822037
swap,3,0.0141991669822037
neighbours,3,0.0141991669822037
surrounding,3,0.0141991669822037
dela,3,0.0141991669822037
cell,3,0.0141991669822037
planting,3,0.0141991669822037
jum,3,0.0141991669822037
txt,3,0.0141991669822037
finish,3,0.0141991669822037
obtained,3,0.0141991669822037
touchable,3,0.0141991669822037
same,3,0.0141991669822037
pufood,3,0.0141991669822037
lightning,3,0.0141991669822037
ii,3,0.0141991669822037
teleports,3,0.0141991669822037
finis,3,0.0141991669822037
hide,3,0.0141991669822037
youtube,3,0.0141991669822037
price,3,0.0141991669822037
acc,3,0.0141991669822037
rarit,3,0.0141991669822037
types,3,0.0141991669822037
grub,3,0.0141991669822037
tic,3,0.0141991669822037
men,3,0.0141991669822037
ghosts,3,0.0141991669822037
options,3,0.0141991669822037
scene,3,0.0141991669822037
matrix,3,0.0141991669822037
clear,3,0.0141991669822037
sc,3,0.0141991669822037
living,3,0.0141991669822037
steps,3,0.0141991669822037
final,3,0.0141991669822037
opened,3,0.0141991669822037
opening,3,0.0141991669822037
alien,3,0.0141991669822037
creature,3,0.0141991669822037
params,3,0.0141991669822037
todo,3,0.0141991669822037
treshol,3,0.0141991669822037
slime,3,0.0141991669822037
jvm,3,0.0141991669822037
aspect,3,0.0141991669822037
bo,3,0.0141991669822037
stack,3,0.0141991669822037
placed,3,0.0141991669822037
animate,3,0.0141991669822037
attacked,3,0.0141991669822037
files,3,0.0141991669822037
ai,3,0.0141991669822037
pac,3,0.0141991669822037
startup,3,0.0141991669822037
output,3,0.0141991669822037
til,3,0.0141991669822037
movement,3,0.0141991669822037
defeate,3,0.0141991669822037
counter,3,0.0141991669822037
mod,3,0.0141991669822037
inf,3,0.0141991669822037
displaying,3,0.0141991669822037
shown,3,0.0141991669822037
process,3,0.0141991669822037
conquering,3,0.0141991669822037
confirm,3,0.0141991669822037
depth,3,0.0141991669822037
grou,3,0.0141991669822037
bots,2,0.0094661113214691
projection,2,0.0094661113214691
angle,2,0.0094661113214691
acto,2,0.0094661113214691
queued,2,0.0094661113214691
zombies,2,0.0094661113214691
fixed,2,0.0094661113214691
following,2,0.0094661113214691
directions,2,0.0094661113214691
md,2,0.0094661113214691
psacrifice,2,0.0094661113214691
spooky,2,0.0094661113214691
setup,2,0.0094661113214691
gsm,2,0.0094661113214691
keeper,2,0.0094661113214691
vic,2,0.0094661113214691
peas,2,0.0094661113214691
follow,2,0.0094661113214691
transitio,2,0.0094661113214691
refresh,2,0.0094661113214691
scores,2,0.0094661113214691
advancer,2,0.0094661113214691
completed,2,0.0094661113214691
protected,2,0.0094661113214691
usable,2,0.0094661113214691
trace,2,0.0094661113214691
closed,2,0.0094661113214691
battling,2,0.0094661113214691
frosty,2,0.0094661113214691
graveyard,2,0.0094661113214691
suns,2,0.0094661113214691
movin,2,0.0094661113214691
restarted,2,0.0094661113214691
reconsiders,2,0.0094661113214691
man,2,0.0094661113214691
which,2,0.0094661113214691
side,2,0.0094661113214691
exi,2,0.0094661113214691
boardsize,2,0.0094661113214691
mean,2,0.0094661113214691
activ,2,0.0094661113214691
attac,2,0.0094661113214691
inn,2,0.0094661113214691
exclam,2,0.0094661113214691
trade,2,0.0094661113214691
pric,2,0.0094661113214691
descs,2,0.0094661113214691
cube,2,0.0094661113214691
regio,2,0.0094661113214691
telepor,2,0.0094661113214691
gaussian,2,0.0094661113214691
feedback,2,0.0094661113214691
fp,2,0.0094661113214691
returnable,2,0.0094661113214691
have,2,0.0094661113214691
remaining,2,0.0094661113214691
service,2,0.0094661113214691
feed,2,0.0094661113214691
dims,2,0.0094661113214691
helmet,2,0.0094661113214691
defensive,2,0.0094661113214691
pm,2,0.0094661113214691
consumable,2,0.0094661113214691
stackable,2,0.0094661113214691
tpos,2,0.0094661113214691
numgamestates,2,0.0094661113214691
menustate,2,0.0094661113214691
cover,2,0.0094661113214691
optionsstate,2,0.0094661113214691
victory,2,0.0094661113214691
keyboard,2,0.0094661113214691
gs,2,0.0094661113214691
cone,2,0.0094661113214691
inside,2,0.0094661113214691
forest,2,0.0094661113214691
attackin,2,0.0094661113214691
eprojectiles,2,0.0094661113214691
flip,2,0.0094661113214691
piec,2,0.0094661113214691
subtitle,2,0.0094661113214691
unplayable,2,0.0094661113214691
tb,2,0.0094661113214691
lis,2,0.0094661113214691
redarrow,2,0.0094661113214691
shadow,2,0.0094661113214691
attributes,2,0.0094661113214691
you,2,0.0094661113214691
spaw,2,0.0094661113214691
ld,2,0.0094661113214691
colliders,2,0.0094661113214691
cos,2,0.0094661113214691
coordinate,2,0.0094661113214691
coordinates,2,0.0094661113214691
touch,2,0.0094661113214691
internal,2,0.0094661113214691
locations,2,0.0094661113214691
border,2,0.0094661113214691
std,2,0.0094661113214691
cave,2,0.0094661113214691
pfood,2,0.0094661113214691
client,2,0.0094661113214691
press,2,0.0094661113214691
isr,2,0.0094661113214691
incoming,2,0.0094661113214691
initialized,2,0.0094661113214691
decaying,2,0.0094661113214691
only,2,0.0094661113214691
shopitem,2,0.0094661113214691
released,2,0.0094661113214691
playwa,2,0.0094661113214691
facing,2,0.0094661113214691
coltest,2,0.0094661113214691
interaction,2,0.0094661113214691
wide,2,0.0094661113214691
update,2,0.0094661113214691
origi,2,0.0094661113214691
densities,2,0.0094661113214691
xma,2,0.0094661113214691
yma,2,0.0094661113214691
pname,2,0.0094661113214691
destruct,2,0.0094661113214691
static,2,0.0094661113214691
lan,2,0.0094661113214691
tutorial,2,0.0094661113214691
proc,2,0.0094661113214691
ended,2,0.0094661113214691
bars,2,0.0094661113214691
dragging,2,0.0094661113214691
moveset,2,0.0094661113214691
gc,2,0.0094661113214691
playin,2,0.0094661113214691
strategy,2,0.0094661113214691
solution,2,0.0094661113214691
split,2,0.0094661113214691
detect,2,0.0094661113214691
again,2,0.0094661113214691
parameter,2,0.0094661113214691
flinching,2,0.0094661113214691
candidates,2,0.0094661113214691
potentially,2,0.0094661113214691
flinchin,2,0.0094661113214691
diag,2,0.0094661113214691
bits,2,0.0094661113214691
environment,2,0.0094661113214691
inital,2,0.0094661113214691
after,2,0.0094661113214691
stu,2,0.0094661113214691
colors,2,0.0094661113214691
movese,2,0.0094661113214691
fla,2,0.0094661113214691
incomin,2,0.0094661113214691
ifplace,2,0.0094661113214691
difficulties,2,0.0094661113214691
wo,2,0.0094661113214691
numframes,2,0.0094661113214691
frameheights,2,0.0094661113214691
spritedelays,2,0.0094661113214691
processor,2,0.0094661113214691
pixels,2,0.0094661113214691
startgoal,2,0.0094661113214691
stac,2,0.0094661113214691
course,2,0.0094661113214691
playerjump,2,0.0094661113214691
playerattack,2,0.0094661113214691
charge,2,0.0094661113214691
already,2,0.0094661113214691
cli,2,0.0094661113214691
alternate,2,0.0094661113214691
dungeons,2,0.0094661113214691
transitions,2,0.0094661113214691
bang,2,0.0094661113214691
yellow,2,0.0094661113214691
mapobjects,2,0.0094661113214691
spectate,2,0.0094661113214691
increased,2,0.0094661113214691
producer,2,0.0094661113214691
accurac,2,0.0094661113214691
inner,2,0.0094661113214691
framewidths,2,0.0094661113214691
defense,2,0.0094661113214691
dicenum,2,0.0094661113214691
seeds,2,0.0094661113214691
objects,2,0.0094661113214691
waiting,2,0.0094661113214691
detecto,2,0.0094661113214691
freezepeashooter,2,0.0094661113214691
passnum,2,0.0094661113214691
processo,2,0.0094661113214691
ta,2,0.0094661113214691
socket,2,0.0094661113214691
above,2,0.0094661113214691
diceq,2,0.0094661113214691
accurate,2,0.0094661113214691
worlds,2,0.0094661113214691
playway,2,0.0094661113214691
release,2,0.0094661113214691
go,2,0.0094661113214691
offense,2,0.0094661113214691
centering,2,0.0094661113214691
detector,2,0.0094661113214691
dicemax,2,0.0094661113214691
diceflag,2,0.0094661113214691
dat,2,0.0094661113214691
your,2,0.0094661113214691
minimum,2,0.0094661113214691
needed,2,0.0094661113214691
acidstate,2,0.0094661113214691
switchable,2,0.0094661113214691
futur,2,0.0094661113214691
mult,2,0.0094661113214691
debug,2,0.0094661113214691
statuseffects,2,0.0094661113214691
helpe,2,0.0094661113214691
corner,2,0.0094661113214691
fresh,2,0.0094661113214691
maximum,2,0.0094661113214691
front,2,0.0094661113214691
invbuttons,2,0.0094661113214691
gloss,2,0.0094661113214691
gameover,2,0.0094661113214691
session,2,0.0094661113214691
runcheck,2,0.0094661113214691
interval,2,0.0094661113214691
directio,2,0.0094661113214691
marker,2,0.0094661113214691
checker,2,0.0094661113214691
helper,2,0.0094661113214691
just,2,0.0094661113214691
penalty,2,0.0094661113214691
partial,2,0.0094661113214691
phrases,2,0.0094661113214691
courtesy,2,0.0094661113214691
atiles,2,0.0094661113214691
reduced,2,0.0094661113214691
opt,2,0.0094661113214691
playerhpbar,2,0.0094661113214691
thief,2,0.0094661113214691
howtoplay,2,0.0094661113214691
warrior,2,0.0094661113214691
propertie,2,0.0094661113214691
pa,2,0.0094661113214691
densit,2,0.0094661113214691
license,2,0.0094661113214691
paths,2,0.0094661113214691
propert,2,0.0094661113214691
mat,2,0.0094661113214691
confi,2,0.0094661113214691
serialized,2,0.0094661113214691
human,2,0.0094661113214691
see,2,0.0094661113214691
grap,2,0.0094661113214691
dash,2,0.0094661113214691
cache,2,0.0094661113214691
sink,2,0.0094661113214691
success,2,0.0094661113214691
vertical,2,0.0094661113214691
moved,2,0.0094661113214691
phras,2,0.0094661113214691
future,2,0.0094661113214691
foe,2,0.0094661113214691
exitbutton,2,0.0094661113214691
cleric,2,0.0094661113214691
records,2,0.0094661113214691
txet,2,0.0094661113214691
vaule,2,0.0094661113214691
heavy,2,0.0094661113214691
ite,2,0.0094661113214691
shade,2,0.0094661113214691
dirpad,2,0.0094661113214691
rate,2,0.0094661113214691
record,2,0.0094661113214691
strings,2,0.0094661113214691
repository,2,0.0094661113214691
navigation,2,0.0094661113214691
reactivate,2,0.0094661113214691
repositor,2,0.0094661113214691
splash,2,0.0094661113214691
logic,2,0.0094661113214691
invoke,2,0.0094661113214691
decay,2,0.0094661113214691
encountere,2,0.0094661113214691
configuration,2,0.0094661113214691
undos,2,0.0094661113214691
conf,2,0.0094661113214691
constructor,2,0.0094661113214691
targe,2,0.0094661113214691
snow,2,0.0094661113214691
blizzard,2,0.0094661113214691
percent,2,0.0094661113214691
scoreboar,2,0.0094661113214691
optionbutton,2,0.0094661113214691
remain,2,0.0094661113214691
stdmedbutton,2,0.0094661113214691
interation,2,0.0094661113214691
fail,2,0.0094661113214691
attacks,2,0.0094661113214691
calculation,2,0.0094661113214691
stars,2,0.0094661113214691
determine,2,0.0094661113214691
magic,2,0.0094661113214691
check,2,0.0094661113214691
calculations,2,0.0094661113214691
if,2,0.0094661113214691
zone,2,0.0094661113214691
destroy,2,0.0094661113214691
revival,2,0.0094661113214691
bx,2,0.0094661113214691
draganddrop,2,0.0094661113214691
me,2,0.0094661113214691
collected,2,0.0094661113214691
movebutton,2,0.0094661113214691
buffered,2,0.0094661113214691
subtract,2,0.0094661113214691
grappler,2,0.0094661113214691
chanc,2,0.0094661113214691
sia,2,0.0094661113214691
xhelbat,2,0.0094661113214691
slides,2,0.0094661113214691
shad,2,0.0094661113214691
spd,2,0.0094661113214691
running,2,0.0094661113214691
bosses,2,0.0094661113214691
headers,2,0.0094661113214691
threa,2,0.0094661113214691
runnin,2,0.0094661113214691
rewar,2,0.0094661113214691
deep,2,0.0094661113214691
ice,2,0.0094661113214691
xscale,2,0.0094661113214691
yscale,2,0.0094661113214691
whit,2,0.0094661113214691
exclamation,2,0.0094661113214691
anims,2,0.0094661113214691
assigned,2,0.0094661113214691
shields,2,0.0094661113214691
callback,2,0.0094661113214691
guard,2,0.0094661113214691
palette,2,0.0094661113214691
invisible,2,0.0094661113214691
encoded,2,0.0094661113214691
elites,2,0.0094661113214691
ufo,2,0.0094661113214691
savegame,2,0.0094661113214691
zogu,2,0.0094661113214691
highlight,2,0.0094661113214691
entit,2,0.0094661113214691
part,2,0.0094661113214691
nex,2,0.0094661113214691
lost,2,0.0094661113214691
semi,2,0.0094661113214691
checkbox,2,0.0094661113214691
transparent,2,0.0094661113214691
quake,2,0.0094661113214691
quak,2,0.0094661113214691
tlp,2,0.0094661113214691
trp,2,0.0094661113214691
as,2,0.0094661113214691
blp,2,0.0094661113214691
brp,2,0.0094661113214691
nb,2,0.0094661113214691
spirit,2,0.0094661113214691
weathe,2,0.0094661113214691
flash,2,0.0094661113214691
parts,2,0.0094661113214691
hack,2,0.0094661113214691
spiri,2,0.0094661113214691
flas,2,0.0094661113214691
suffix,2,0.0094661113214691
threshold,2,0.0094661113214691
profiles,2,0.0094661113214691
vx,2,0.0094661113214691
uri,2,0.0094661113214691
dying,2,0.0094661113214691
deafult,2,0.0094661113214691
fiel,2,0.0094661113214691
extension,2,0.0094661113214691
pinch,2,0.0094661113214691
statusui,2,0.0094661113214691
square,2,0.0094661113214691
resolver,2,0.0094661113214691
landed,2,0.0094661113214691
mail,2,0.0094661113214691
levelupscreen,2,0.0094661113214691
open,2,0.0094661113214691
kill,2,0.0094661113214691
eat,2,0.0094661113214691
legs,2,0.0094661113214691
chest,2,0.0094661113214691
ch,2,0.0094661113214691
strengt,2,0.0094661113214691
images,2,0.0094661113214691
enemyhpbar,2,0.0094661113214691
innkeeper,2,0.0094661113214691
mailto,2,0.0094661113214691
hero,2,0.0094661113214691
inventoryui,2,0.0094661113214691
selectedslot,2,0.0094661113214691
landmass,2,0.0094661113214691
prefix,2,0.0094661113214691
tokens,2,0.0094661113214691
rc,2,0.0094661113214691
rel,2,0.0094661113214691
sho,2,0.0094661113214691
converted,2,0.0094661113214691
closest,2,0.0094661113214691
under,2,0.0094661113214691
decoration,2,0.0094661113214691
symbol,2,0.0094661113214691
system,2,0.0094661113214691
scn,2,0.0094661113214691
dra,2,0.0094661113214691
sitem,2,0.0094661113214691
comp,1,0.0047330556607345
reductio,1,0.0047330556607345
cri,1,0.0047330556607345
behavior,1,0.0047330556607345
badguy,1,0.0047330556607345
drawer,1,0.0047330556607345
host,1,0.0047330556607345
amoun,1,0.0047330556607345
power,1,0.0047330556607345
force,1,0.0047330556607345
tictactoe,1,0.0047330556607345
transform,1,0.0047330556607345
recentering,1,0.0047330556607345
drawe,1,0.0047330556607345
behavio,1,0.0047330556607345
robot,1,0.0047330556607345
neg,1,0.0047330556607345
groun,1,0.0047330556607345
recenterin,1,0.0047330556607345
robo,1,0.0047330556607345
clips,1,0.0047330556607345
descriptions,1,0.0047330556607345
letters,1,0.0047330556607345
ac,1,0.0047330556607345
sel,1,0.0047330556607345
worl,1,0.0047330556607345
psave,1,0.0047330556607345
psav,1,0.0047330556607345
fil,1,0.0047330556607345
copyright,1,0.0047330556607345
mh,1,0.0047330556607345
letter,1,0.0047330556607345
credit,1,0.0047330556607345
copyrigh,1,0.0047330556607345
githu,1,0.0047330556607345
youtub,1,0.0047330556607345
selecte,1,0.0047330556607345
dm,1,0.0047330556607345
sigma,1,0.0047330556607345
tabs,1,0.0047330556607345
dealt,1,0.0047330556607345
taken,1,0.0047330556607345
healed,1,0.0047330556607345
deaths,1,0.0047330556607345
bought,1,0.0047330556607345
monsters,1,0.0047330556607345
maps,1,0.0047330556607345
missed,1,0.0047330556607345
mu,1,0.0047330556607345
take,1,0.0047330556607345
heale,1,0.0047330556607345
bough,1,0.0047330556607345
monster,1,0.0047330556607345
deal,1,0.0047330556607345
misse,1,0.0047330556607345
sf,1,0.0047330556607345
prompt,1,0.0047330556607345
movemen,1,0.0047330556607345
scen,1,0.0047330556607345
weakes,1,0.0047330556607345
weake,1,0.0047330556607345
sam,1,0.0047330556607345
stronge,1,0.0047330556607345
stronges,1,0.0047330556607345
intro,1,0.0047330556607345
smov,1,0.0047330556607345
stronger,1,0.0047330556607345
eq,1,0.0047330556607345
xx,1,0.0047330556607345
yy,1,0.0047330556607345
commo,1,0.0047330556607345
rar,1,0.0047330556607345
epi,1,0.0047330556607345
strongest,1,0.0047330556607345
weaker,1,0.0047330556607345
garbage,1,0.0047330556607345
died,1,0.0047330556607345
re,1,0.0047330556607345
gree,1,0.0047330556607345
promp,1,0.0047330556607345
garbag,1,0.0047330556607345
nums,1,0.0047330556607345
descriptor,1,0.0047330556607345
loss,1,0.0047330556607345
weakest,1,0.0047330556607345
descripto,1,0.0047330556607345
los,1,0.0047330556607345
respawn,1,0.0047330556607345
respaw,1,0.0047330556607345
increases,1,0.0047330556607345
continu,1,0.0047330556607345
battlestar,1,0.0047330556607345
heavyrai,1,0.0047330556607345
unlocke,1,0.0047330556607345
trivalue,1,0.0047330556607345
buff,1,0.0047330556607345
sav,1,0.0047330556607345
light,1,0.0047330556607345
ligh,1,0.0047330556607345
hold,1,0.0047330556607345
hol,1,0.0047330556607345
fix,1,0.0047330556607345
reaper,1,0.0047330556607345
scal,1,0.0047330556607345
shopitems,1,0.0047330556607345
bigsnow,1,0.0047330556607345
bigrain,1,0.0047330556607345
smoveicons,1,0.0047330556607345
darkness,1,0.0047330556607345
debuff,1,0.0047330556607345
buffs,1,0.0047330556607345
creditsicons,1,0.0047330556607345
am,1,0.0047330556607345
horizonta,1,0.0047330556607345
lifespa,1,0.0047330556607345
rls,1,0.0047330556607345
sls,1,0.0047330556607345
srls,1,0.0047330556607345
poo,1,0.0047330556607345
bam,1,0.0047330556607345
php,1,0.0047330556607345
mshield,1,0.0047330556607345
cx,1,0.0047330556607345
cy,1,0.0047330556607345
odir,1,0.0047330556607345
steal,1,0.0047330556607345
choose,1,0.0047330556607345
battledarkness,1,0.0047330556607345
shopui,1,0.0047330556607345
lightrai,1,0.0047330556607345
invselectclic,1,0.0047330556607345
smoveicon,1,0.0047330556607345
darknes,1,0.0047330556607345
battledarknes,1,0.0047330556607345
creditsicon,1,0.0047330556607345
shopu,1,0.0047330556607345
shopta,1,0.0047330556607345
moveselectclic,1,0.0047330556607345
bigrai,1,0.0047330556607345
textprogressio,1,0.0047330556607345
transparancy,1,0.0047330556607345
redattac,1,0.0047330556607345
yellowattac,1,0.0047330556607345
deat,1,0.0047330556607345
thunde,1,0.0047330556607345
lightnin,1,0.0047330556607345
bigsno,1,0.0047330556607345
shoptab,1,0.0047330556607345
thunder,1,0.0047330556607345
invselectclick,1,0.0047330556607345
moveselectclick,1,0.0047330556607345
textprogression,1,0.0047330556607345
blueattack,1,0.0047330556607345
redattack,1,0.0047330556607345
yellowattack,1,0.0047330556607345
lightrain,1,0.0047330556607345
snowflak,1,0.0047330556607345
heavyrain,1,0.0047330556607345
battlestart,1,0.0047330556607345
rr,1,0.0047330556607345
ig,1,0.0047330556607345
reade,1,0.0047330556607345
raindro,1,0.0047330556607345
blueattac,1,0.0047330556607345
adventure,1,0.0047330556607345
devic,1,0.0047330556607345
application,1,0.0047330556607345
merge,1,0.0047330556607345
increment,1,0.0047330556607345
latest,1,0.0047330556607345
dept,1,0.0047330556607345
counte,1,0.0047330556607345
mas,1,0.0047330556607345
float,1,0.0047330556607345
floa,1,0.0047330556607345
adj,1,0.0047330556607345
beaches,1,0.0047330556607345
dotted,1,0.0047330556607345
horizonally,1,0.0047330556607345
vertically,1,0.0047330556607345
renderin,1,0.0047330556607345
beache,1,0.0047330556607345
en,1,0.0047330556607345
os,1,0.0047330556607345
pid,1,0.0047330556607345
java,1,0.0047330556607345
runnable,1,0.0047330556607345
initializer,1,0.0047330556607345
cnt,1,0.0047330556607345
opacit,1,0.0047330556607345
it,1,0.0047330556607345
po,1,0.0047330556607345
lande,1,0.0047330556607345
dist,1,0.0047330556607345
poslist,1,0.0047330556607345
dis,1,0.0047330556607345
probab,1,0.0047330556607345
coi,1,0.0047330556607345
pthread,1,0.0047330556607345
istream,1,0.0047330556607345
ur,1,0.0047330556607345
loo,1,0.0047330556607345
pthrea,1,0.0047330556607345
poses,1,0.0047330556607345
que,1,0.0047330556607345
oparity,1,0.0047330556607345
pose,1,0.0047330556607345
oparit,1,0.0047330556607345
composit,1,0.0047330556607345
exec,1,0.0047330556607345
redirect,1,0.0047330556607345
boolean,1,0.0047330556607345
progressed,1,0.0047330556607345
super,1,0.0047330556607345
salary,1,0.0047330556607345
salar,1,0.0047330556607345
executo,1,0.0047330556607345
platfor,1,0.0047330556607345
trac,1,0.0047330556607345
formatted,1,0.0047330556607345
difference,1,0.0047330556607345
capitals,1,0.0047330556607345
tes,1,0.0047330556607345
invocation,1,0.0047330556607345
unable,1,0.0047330556607345
more,1,0.0047330556607345
infos,1,0.0047330556607345
ordered,1,0.0047330556607345
or,1,0.0047330556607345
placement,1,0.0047330556607345
partner,1,0.0047330556607345
spread,1,0.0047330556607345
cente,1,0.0047330556607345
acting,1,0.0047330556607345
own,1,0.0047330556607345
not,1,0.0047330556607345
salaries,1,0.0047330556607345
without,1,0.0047330556607345
amounts,1,0.0047330556607345
generate,1,0.0047330556607345
additional,1,0.0047330556607345
history,1,0.0047330556607345
sum,1,0.0047330556607345
counted,1,0.0047330556607345
existing,1,0.0047330556607345
nexto,1,0.0047330556607345
needs,1,0.0047330556607345
master,1,0.0047330556607345
slave,1,0.0047330556607345
exising,1,0.0047330556607345
reverse,1,0.0047330556607345
progess,1,0.0047330556607345
unused,1,0.0047330556607345
kingdo,1,0.0047330556607345
break,1,0.0047330556607345
allis,1,0.0047330556607345
stone,1,0.0047330556607345
xtem,1,0.0047330556607345
jumpin,1,0.0047330556607345
fallin,1,0.0047330556607345
ar,1,0.0047330556607345
aur,1,0.0047330556607345
cr,1,0.0047330556607345
minutes,1,0.0047330556607345
seconds,1,0.0047330556607345
live,1,0.0047330556607345
knockbac,1,0.0047330556607345
dashin,1,0.0047330556607345
upattackin,1,0.0047330556607345
chargin,1,0.0047330556607345
teleportin,1,0.0047330556607345
au,1,0.0047330556607345
confuse,1,0.0047330556607345
surprise,1,0.0047330556607345
opene,1,0.0047330556607345
openin,1,0.0047330556607345
ticks,1,0.0047330556607345
ytem,1,0.0047330556607345
ydes,1,0.0047330556607345
xdiff,1,0.0047330556607345
xdes,1,0.0047330556607345
ais,1,0.0047330556607345
decode,1,0.0047330556607345
dais,1,0.0047330556607345
ga,1,0.0047330556607345
heart,1,0.0047330556607345
life,1,0.0047330556607345
hear,1,0.0047330556607345
lif,1,0.0047330556607345
xmap,1,0.0047330556607345
ymap,1,0.0047330556607345
cwidth,1,0.0047330556607345
cheight,1,0.0047330556607345
xdest,1,0.0047330556607345
ydest,1,0.0047330556607345
xtemp,1,0.0047330556607345
ytemp,1,0.0047330556607345
cwidt,1,0.0047330556607345
cheigh,1,0.0047330556607345
ro,1,0.0047330556607345
don,1,0.0047330556607345
sky,1,0.0047330556607345
clouds,1,0.0047330556607345
mountains,1,0.0047330556607345
tween,1,0.0047330556607345
across,1,0.0047330556607345
shaking,1,0.0047330556607345
intensity,1,0.0047330556607345
tileset,1,0.0047330556607345
subimage,1,0.0047330556607345
delims,1,0.0047330556607345
xmi,1,0.0047330556607345
ymi,1,0.0047330556607345
twee,1,0.0047330556607345
acros,1,0.0047330556607345
shakin,1,0.0047330556607345
intensit,1,0.0047330556607345
gm,1,0.0047330556607345
permanent,1,0.0047330556607345
permanen,1,0.0047330556607345
prepare,1,0.0047330556607345
balls,1,0.0047330556607345
rad,1,0.0047330556607345
ymax,1,0.0047330556607345
xmax,1,0.0047330556607345
ymin,1,0.0047330556607345
mountain,1,0.0047330556607345
perendimi,1,0.0047330556607345
temple,1,0.0047330556607345
projectiles,1,0.0047330556607345
ep,1,0.0047330556607345
eprojectile,1,0.0047330556607345
subtitl,1,0.0047330556607345
sk,1,0.0047330556607345
cloud,1,0.0047330556607345
perendim,1,0.0047330556607345
xmin,1,0.0047330556607345
templ,1,0.0047330556607345
states,1,0.0047330556607345
paused,1,0.0047330556607345
screenshot,1,0.0047330556607345
wait,1,0.0047330556607345
screensho,1,0.0047330556607345
xscal,1,0.0047330556607345
yscal,1,0.0047330556607345
grave,1,0.0047330556607345
will,1,0.0047330556607345
good,1,0.0047330556607345
mrt,1,0.0047330556607345
nu,1,0.0047330556607345
bluegoa,1,0.0047330556607345
bluecourseplac,1,0.0047330556607345
bcomaplac,1,0.0047330556607345
turnnu,1,0.0047330556607345
la,1,0.0047330556607345
mo,1,0.0047330556607345
socke,1,0.0047330556607345
redcomanum,1,0.0047330556607345
bluecomanum,1,0.0047330556607345
member,1,0.0047330556607345
server,1,0.0047330556607345
numbe,1,0.0047330556607345
membe,1,0.0047330556607345
gui,1,0.0047330556607345
worker,1,0.0047330556607345
gu,1,0.0047330556607345
passe,1,0.0047330556607345
statistic,1,0.0047330556607345
dic,1,0.0047330556607345
autopass,1,0.0047330556607345
angl,1,0.0047330556607345
goalnum,1,0.0047330556607345
ran,1,0.0047330556607345
toolkit,1,0.0047330556607345
writer,1,0.0047330556607345
doc,1,0.0047330556607345
body,1,0.0047330556607345
defaul,1,0.0047330556607345
generator,1,0.0047330556607345
stopped,1,0.0047330556607345
generato,1,0.0047330556607345
stoppe,1,0.0047330556607345
canno,1,0.0047330556607345
bcomaplace,1,0.0047330556607345
turnnum,1,0.0047330556607345
sisr,1,0.0047330556607345
cmd,1,0.0047330556607345
comaplace,1,0.0047330556607345
net,1,0.0047330556607345
undercolor,1,0.0047330556607345
lay,1,0.0047330556607345
look,1,0.0047330556607345
pieces,1,0.0047330556607345
cp,1,0.0047330556607345
visited,1,0.0047330556607345
sire,1,0.0047330556607345
bas,1,0.0047330556607345
backu,1,0.0047330556607345
paren,1,0.0047330556607345
ae,1,0.0047330556607345
sb,1,0.0047330556607345
mapd,1,0.0047330556607345
bfs,1,0.0047330556607345
bf,1,0.0047330556607345
pw,1,0.0047330556607345
fro,1,0.0047330556607345
plant,1,0.0047330556607345
plan,1,0.0047330556607345
collider,1,0.0047330556607345
gw,1,0.0047330556607345
collides,1,0.0047330556607345
collided,1,0.0047330556607345
duratio,1,0.0047330556607345
device,1,0.0047330556607345
pacma,1,0.0047330556607345
segment,1,0.0047330556607345
pu,1,0.0047330556607345
returner,1,0.0047330556607345
maze,1,0.0047330556607345
ttx,1,0.0047330556607345
tty,1,0.0047330556607345
tp,1,0.0047330556607345
visite,1,0.0047330556607345
ty,1,0.0047330556607345
blinks,1,0.0047330556607345
eye,1,0.0047330556607345
blink,1,0.0047330556607345
gr,1,0.0047330556607345
ey,1,0.0047330556607345
returne,1,0.0047330556607345
custo,1,0.0047330556607345
segments,1,0.0047330556607345
foods,1,0.0047330556607345
pufoods,1,0.0047330556607345
backup,1,0.0047330556607345
pr,1,0.0047330556607345
fir,1,0.0047330556607345
limi,1,0.0047330556607345
become,1,0.0047330556607345
gap,1,0.0047330556607345
characte,1,0.0047330556607345
method,1,0.0047330556607345
execution,1,0.0047330556607345
enem,1,0.0047330556607345
conversatio,1,0.0047330556607345
mapping,1,0.0047330556607345
successful,1,0.0047330556607345
us,1,0.0047330556607345
big,1,0.0047330556607345
decimal,1,0.0047330556607345
ra,1,0.0047330556607345
...,1,0.0047330556607345
statu,1,0.0047330556607345
updates,1,0.0047330556607345
meadow,1,0.0047330556607345
shee,1,0.0047330556607345
meado,1,0.0047330556607345
curso,1,0.0047330556607345
rabit,1,0.0047330556607345
adventur,1,0.0047330556607345
layou,1,0.0047330556607345
lin,1,0.0047330556607345
arra,1,0.0047330556607345
palm,1,0.0047330556607345
results,1,0.0047330556607345
nr,1,0.0047330556607345
available,1,0.0047330556607345
bias,1,0.0047330556607345
defending,1,0.0047330556607345
protec,1,0.0047330556607345
bia,1,0.0047330556607345
defendin,1,0.0047330556607345
botto,1,0.0047330556607345
callbac,1,0.0047330556607345
throwabl,1,0.0047330556607345
totally,1,0.0047330556607345
unharvestable,1,0.0047330556607345
email,1,0.0047330556607345
are,1,0.0047330556607345
enum,1,0.0047330556607345
multi,1,0.0047330556607345
windo,1,0.0047330556607345
shortest,1,0.0047330556607345
rec,1,0.0047330556607345
decoded,1,0.0047330556607345
enumeration,1,0.0047330556607345
discovery,1,0.0047330556607345
attribut,1,0.0047330556607345
equipment,1,0.0047330556607345
decal,1,0.0047330556607345
filtered,1,0.0047330556607345
deca,1,0.0047330556607345
notifications,1,0.0047330556607345
creator,1,0.0047330556607345
creato,1,0.0047330556607345
seg,1,0.0047330556607345
arc,1,0.0047330556607345
upgrade,1,0.0047330556607345
requirements,1,0.0047330556607345
upgrad,1,0.0047330556607345
requirement,1,0.0047330556607345
bonu,1,0.0047330556607345
inter,1,0.0047330556607345
roo,1,0.0047330556607345
hidevalue,1,0.0047330556607345
debu,1,0.0047330556607345
interac,1,0.0047330556607345
focu,1,0.0047330556607345
inc,1,0.0047330556607345
dep,1,0.0047330556607345
complet,1,0.0047330556607345
clas,1,0.0047330556607345
rati,1,0.0047330556607345
cancel,1,0.0047330556607345
tmp,1,0.0047330556607345
curren,1,0.0047330556607345
poin,1,0.0047330556607345
weapon,1,0.0047330556607345
currently,1,0.0047330556607345
armor,1,0.0047330556607345
boots,1,0.0047330556607345
tiled,1,0.0047330556607345
wrong,1,0.0047330556607345
tas,1,0.0047330556607345
defens,1,0.0047330556607345
char,1,0.0047330556607345
prop,1,0.0047330556607345
legendar,1,0.0047330556607345

