img,1031,4.509075005466871
y,599,2.619724469713536
blue,577,2.523507544281653
x,552,2.41417012901815
r,504,2.204242291712224
green,490,2.1430133391646624
width,444,1.9418324950798165
height,430,1.8806035425322547
source,413,1.8062541001530723
image,329,1.438880384867702
file,301,1.316422479772578
g,295,1.2901815001093375
dark,284,1.242073037393396
b,281,1.2289525475617755
pink,280,1.2245790509512355
red,275,1.202711567898535
color,265,1.1589766017931336
e,257,1.1239886289088126
result,244,1.067133172971791
i,215,0.9403017712661274
f,214,0.9359282746555871
output,204,0.8921933085501859
c,191,0.8353378526131642
thumbnail,188,0.8222173627815438
yellow,180,0.7872293898972229
light,180,0.7872293898972229
is,166,0.7260004373496611
param,150,0.656024491581019
orange,148,0.6472774983599388
s,143,0.6254100153072382
medium,136,0.5947955390334573
p,136,0.5947955390334573
input,132,0.5773015525912967
d,129,0.5641810627596764
mask,122,0.5335665864858955
u,122,0.5335665864858955
value,119,0.5204460966542751
purple,116,0.5073256068226547
rose,116,0.5073256068226547
name,115,0.5029521102121146
size,112,0.4898316203804942
brown,112,0.4898316203804942
format,109,0.4767111305488739
violet,108,0.4723376339383337
a,107,0.4679641373277936
pale,104,0.4548436474961732
gray,104,0.4548436474961732
deep,104,0.4548436474961732
lavender,104,0.4548436474961732
l,103,0.4504701508856331
out,100,0.4373496610540126
expected,95,0.415482178001312
n,85,0.3717472118959107
j,81,0.3542532254537502
filter,80,0.3498797288432101
os,68,0.2973977695167286
original,66,0.2886507762956483
from,65,0.2842772796851082
magenta,64,0.2799037830745681
french,64,0.2799037830745681
pastel,64,0.2799037830745681
resizer,64,0.2799037830745681
filename,62,0.2711567898534878
intensity,61,0.2667832932429477
max,61,0.2667832932429477
type,60,0.2624097966324076
id,59,0.2580363000218675
dir,58,0.2536628034113273
h,58,0.2536628034113273
folder,58,0.2536628034113273
gold,56,0.2449158101902471
electric,56,0.2449158101902471
temporary,54,0.2361688169691668
white,53,0.2317953203586267
sky,52,0.2274218237480866
carmine,52,0.2274218237480866
min,50,0.2186748305270063
tmp,49,0.2143013339164662
fuchsia,48,0.2099278373059261
bitmap,48,0.2099278373059261
spanish,48,0.2099278373059261
web,48,0.2099278373059261
slate,48,0.2099278373059261
crimson,48,0.2099278373059261
thumbnails,47,0.2055543406953859
pixel,46,0.2011808440848458
iter,46,0.2011808440848458
target,46,0.2011808440848458
version,45,0.1968073474743057
sink,45,0.1968073474743057
count,45,0.1968073474743057
pixels,45,0.1968073474743057
inset,44,0.1924338508637656
taupe,44,0.1924338508637656
m,44,0.1924338508637656
lemon,44,0.1924338508637656
buff,43,0.1880603542532254
o,42,0.1836868576426853
old,42,0.1836868576426853
files,41,0.1793133610321451
crayola,40,0.174939864421605
turquoise,40,0.174939864421605
dest,40,0.174939864421605
orchid,40,0.174939864421605
rgb,40,0.174939864421605
dimension,39,0.1705663678110649
to,38,0.1661928712005248
watermark,38,0.1661928712005248
threshold,38,0.1661928712005248
black,37,0.1618193745899847
silver,36,0.1574458779794445
sea,36,0.1574458779794445
v,36,0.1574458779794445
lime,36,0.1574458779794445
bright,36,0.1574458779794445
persian,36,0.1574458779794445
t,36,0.1574458779794445
destination,33,0.1443253881478241
bottom,33,0.1443253881478241
spring,32,0.139951891537284
freq,32,0.139951891537284
default,32,0.139951891537284
khaki,32,0.139951891537284
factory,32,0.139951891537284
message,32,0.139951891537284
right,31,0.1355783949267439
pipeline,30,0.1312048983162038
vivid,28,0.1224579050951235
rich,28,0.1224579050951235
olive,28,0.1224579050951235
maroon,28,0.1224579050951235
royal,28,0.1224579050951235
pantone,28,0.1224579050951235
sum,28,0.1224579050951235
cyan,28,0.1224579050951235
indigo,28,0.1224579050951235
copper,28,0.1224579050951235
salmon,28,0.1224579050951235
grey,28,0.1224579050951235
peach,28,0.1224579050951235
goldenrod,28,0.1224579050951235
src,27,0.1180844084845834
new,27,0.1180844084845834
write,27,0.1180844084845834
url,26,0.1137109118740433
mean,26,0.1137109118740433
factor,25,0.1093374152635031
raspberry,24,0.104963918652963
liver,24,0.104963918652963
cerulean,24,0.104963918652963
coral,24,0.104963918652963
ruby,24,0.104963918652963
w,24,0.104963918652963
tuscan,24,0.104963918652963
mauve,24,0.104963918652963
canvas,23,0.1005904220424229
paint,23,0.1005904220424229
args,23,0.1005904220424229
orientation,22,0.0962169254318828
context,22,0.0962169254318828
left,21,0.0918434288213426
digest,21,0.0918434288213426
cerise,20,0.0874699322108025
forest,20,0.0874699322108025
drab,20,0.0874699322108025
chestnut,20,0.0874699322108025
tangerine,20,0.0874699322108025
apple,20,0.0874699322108025
position,20,0.0874699322108025
steel,20,0.0874699322108025
bud,20,0.0874699322108025
moss,20,0.0874699322108025
antique,20,0.0874699322108025
puce,20,0.0874699322108025
powder,20,0.0874699322108025
candy,20,0.0874699322108025
mint,20,0.0874699322108025
english,20,0.0874699322108025
plum,20,0.0874699322108025
imperial,20,0.0874699322108025
golden,20,0.0874699322108025
enclosing,20,0.0874699322108025
cadet,20,0.0874699322108025
lilac,20,0.0874699322108025
scaling,19,0.0830964356002624
bit,19,0.0830964356002624
resource,19,0.0830964356002624
sb,19,0.0830964356002624
radius,19,0.0830964356002624
imag,18,0.0787229389897222
sr,18,0.0787229389897222
sa,18,0.0787229389897222
baos,18,0.0787229389897222
sg,18,0.0787229389897222
theta,18,0.0787229389897222
received,18,0.0787229389897222
ratio,17,0.0743494423791821
tan,17,0.0743494423791821
tr,17,0.0743494423791821
k,17,0.0743494423791821
rename,17,0.0743494423791821
international,16,0.069975945768642
beige,16,0.069975945768642
cornflower,16,0.069975945768642
air,16,0.069975945768642
munsell,16,0.069975945768642
blush,16,0.069975945768642
baby,16,0.069975945768642
for,16,0.069975945768642
wild,16,0.069975945768642
cadmium,16,0.069975945768642
jungle,16,0.069975945768642
sand,16,0.069975945768642
teal,16,0.069975945768642
bistre,16,0.069975945768642
midnight,16,0.069975945768642
alpha,16,0.069975945768642
wheel,16,0.069975945768642
exif,16,0.069975945768642
traditional,16,0.069975945768642
hot,16,0.069975945768642
navy,16,0.069975945768642
metallic,16,0.069975945768642
viridian,16,0.069975945768642
copy,15,0.0656024491581019
top,15,0.0656024491581019
heigh,15,0.0656024491581019
written,15,0.0656024491581019
processed,15,0.0656024491581019
supported,15,0.0656024491581019
of,15,0.0656024491581019
tx,14,0.0612289525475617
filters,14,0.0612289525475617
pool,14,0.0612289525475617
ii,14,0.0612289525475617
forma,14,0.0612289525475617
ty,14,0.0612289525475617
number,14,0.0612289525475617
first,14,0.0612289525475617
two,14,0.0612289525475617
tc,14,0.0612289525475617
polygon,13,0.0568554559370216
path,13,0.0568554559370216
use,13,0.0568554559370216
keep,13,0.0568554559370216
insets,13,0.0568554559370216
saturation,13,0.0568554559370216
frame,13,0.0568554559370216
almond,12,0.0524819593264815
tea,12,0.0524819593264815
ultramarine,12,0.0524819593264815
lace,12,0.0524819593264815
umber,12,0.0524819593264815
carrot,12,0.0524819593264815
celadon,12,0.0524819593264815
indian,12,0.0524819593264815
champagne,12,0.0524819593264815
chartreuse,12,0.0524819593264815
burnt,12,0.0524819593264815
chocolate,12,0.0524819593264815
coffee,12,0.0524819593264815
pearl,12,0.0524819593264815
japanese,12,0.0524819593264815
cream,12,0.0524819593264815
process,12,0.0524819593264815
space,12,0.0524819593264815
scarlet,12,0.0524819593264815
sienna,12,0.0524819593264815
burgundy,12,0.0524819593264815
amaranth,12,0.0524819593264815
fit,12,0.0524819593264815
vermilion,12,0.0524819593264815
apricot,12,0.0524819593264815
aqua,12,0.0524819593264815
aquamarine,12,0.0524819593264815
azure,12,0.0524819593264815
wine,12,0.0524819593264815
heliotrope,12,0.0524819593264815
sandy,12,0.0524819593264815
bronze,12,0.0524819593264815
fluorescent,12,0.0524819593264815
sapphire,12,0.0524819593264815
floral,12,0.0524819593264815
ruddy,12,0.0524819593264815
university,12,0.0524819593264815
avg,12,0.0524819593264815
neon,12,0.0524819593264815
brilliant,12,0.0524819593264815
vanilla,12,0.0524819593264815
smoke,12,0.0524819593264815
map,12,0.0524819593264815
verification,12,0.0524819593264815
hue,12,0.0524819593264815
scalex,12,0.0524819593264815
shift,12,0.0524819593264815
list,12,0.0524819593264815
scale,12,0.0524819593264815
queue,12,0.0524819593264815
background,12,0.0524819593264815
bytes,12,0.0524819593264815
task,12,0.0524819593264815
cy,12,0.0524819593264815
cx,12,0.0524819593264815
centers,12,0.0524819593264815
consecutive,11,0.0481084627159414
data,11,0.0481084627159414
reader,11,0.0481084627159414
numbers,11,0.0481084627159414
drawable,10,0.0437349661054012
region,10,0.0437349661054012
quality,10,0.0437349661054012
within,10,0.0437349661054012
yi,10,0.0437349661054012
second,10,0.0437349661054012
level,10,0.0437349661054012
app,10,0.0437349661054012
typ,9,0.0393614694948611
index,9,0.0393614694948611
facto,9,0.0393614694948611
writer,9,0.0393614694948611
allow,9,0.0393614694948611
china,8,0.034987972884321
auburn,8,0.034987972884321
han,8,0.034987972884321
tango,8,0.034987972884321
ghost,8,0.034987972884321
robin,8,0.034987972884321
shocking,8,0.034987972884321
mellow,8,0.034987972884321
asparagus,8,0.034987972884321
chinese,8,0.034987972884321
saffron,8,0.034987972884321
shadow,8,0.034987972884321
sheen,8,0.034987972884321
banana,8,0.034987972884321
ball,8,0.034987972884321
cherry,8,0.034987972884321
palatinate,8,0.034987972884321
grid,8,0.034987972884321
mist,8,0.034987972884321
safety,8,0.034987972884321
palindrome,8,0.034987972884321
bitter,8,0.034987972884321
bittersweet,8,0.034987972884321
ube,8,0.034987972884321
dodger,8,0.034987972884321
quartz,8,0.034987972884321
navajo,8,0.034987972884321
fandango,8,0.034987972884321
queen,8,0.034987972884321
non,8,0.034987972884321
emerald,8,0.034987972884321
kmeans,8,0.034987972884321
byzantium,8,0.034987972884321
caf,8,0.034987972884321
cardinal,8,0.034987972884321
ebony,8,0.034987972884321
start,8,0.034987972884321
three,8,0.034987972884321
dist,8,0.034987972884321
fire,8,0.034987972884321
dim,8,0.034987972884321
deer,8,0.034987972884321
bean,8,0.034987972884321
widt,8,0.034987972884321
terra,8,0.034987972884321
blanched,8,0.034987972884321
saddle,8,0.034987972884321
misty,8,0.034987972884321
de,8,0.034987972884321
brick,8,0.034987972884321
yonder,8,0.034987972884321
russian,8,0.034987972884321
desert,8,0.034987972884321
sampling,8,0.034987972884321
mountain,8,0.034987972884321
rosy,8,0.034987972884321
cotta,8,0.034987972884321
pigment,8,0.034987972884321
lava,8,0.034987972884321
egg,8,0.034987972884321
alice,8,0.034987972884321
chiffon,8,0.034987972884321
button,8,0.034987972884321
strawberry,8,0.034987972884321
force,8,0.034987972884321
siz,8,0.034987972884321
thulian,8,0.034987972884321
config,8,0.034987972884321
aero,8,0.034987972884321
ochre,8,0.034987972884321
dye,8,0.034987972884321
total,8,0.034987972884321
cyber,8,0.034987972884321
grape,8,0.034987972884321
whip,8,0.034987972884321
wood,8,0.034987972884321
phthalo,8,0.034987972884321
sigma,8,0.034987972884321
ultra,8,0.034987972884321
heart,8,0.034987972884321
puff,8,0.034987972884321
nam,8,0.034987972884321
brass,8,0.034987972884321
papaya,8,0.034987972884321
sunset,8,0.034987972884321
names,8,0.034987972884321
lawn,8,0.034987972884321
bi,8,0.034987972884321
topaz,8,0.034987972884321
amber,8,0.034987972884321
xi,8,0.034987972884321
specified,8,0.034987972884321
read,7,0.0306144762737808
yy,7,0.0306144762737808
num,7,0.0306144762737808
mode,7,0.0306144762737808
view,7,0.0306144762737808
iw,7,0.0306144762737808
outer,7,0.0306144762737808
xx,7,0.0306144762737808
dimensions,7,0.0306144762737808
fil,7,0.0306144762737808
actual,7,0.0306144762737808
order,7,0.0306144762737808
one,7,0.0306144762737808
magic,7,0.0306144762737808
set,7,0.0306144762737808
valu,7,0.0306144762737808
...,7,0.0306144762737808
prefix,7,0.0306144762737808
sx,7,0.0306144762737808
suffix,7,0.0306144762737808
scaley,7,0.0306144762737808
field,6,0.0262409796632407
piece,6,0.0262409796632407
pcenters,6,0.0262409796632407
rendering,6,0.0262409796632407
orientatio,6,0.0262409796632407
blend,6,0.0262409796632407
error,6,0.0262409796632407
cases,6,0.0262409796632407
returned,6,0.0262409796632407
opacity,6,0.0262409796632407
spi,6,0.0262409796632407
scaled,6,0.0262409796632407
end,6,0.0262409796632407
dst,6,0.0262409796632407
grayscale,6,0.0262409796632407
degrees,6,0.0262409796632407
mc,6,0.0262409796632407
mr,6,0.0262409796632407
spy,6,0.0262409796632407
photo,6,0.0262409796632407
flag,6,0.0262409796632407
expect,6,0.0262409796632407
and,6,0.0262409796632407
buffer,6,0.0262409796632407
sy,6,0.0262409796632407
vignette,6,0.0262409796632407
extension,6,0.0262409796632407
overwrite,6,0.0262409796632407
idarray,6,0.0262409796632407
aspect,6,0.0262409796632407
length,6,0.0262409796632407
diameter,5,0.0218674830527006
star,5,0.0218674830527006
no,5,0.0218674830527006
div,5,0.0218674830527006
caption,5,0.0218674830527006
change,5,0.0218674830527006
para,5,0.0218674830527006
ret,5,0.0218674830527006
temp,5,0.0218674830527006
im,5,0.0218674830527006
positio,5,0.0218674830527006
points,5,0.0218674830527006
tag,5,0.0218674830527006
raw,5,0.0218674830527006
off,5,0.0218674830527006
thumb,5,0.0218674830527006
noise,5,0.0218674830527006
has,5,0.0218674830527006
dot,5,0.0218674830527006
pakistan,4,0.0174939864421605
otter,4,0.0174939864421605
outrageous,4,0.0174939864421605
oxford,4,0.0174939864421605
olivine,4,0.0174939864421605
lightness,4,0.0174939864421605
onyx,4,0.0174939864421605
opera,4,0.0174939864421605
burly,4,0.0174939864421605
val,4,0.0174939864421605
array,4,0.0174939864421605
orioles,4,0.0174939864421605
peel,4,0.0174939864421605
me,4,0.0174939864421605
office,4,0.0174939864421605
lust,4,0.0174939864421605
boy,4,0.0174939864421605
swap,4,0.0174939864421605
dogs,4,0.0174939864421605
organ,4,0.0174939864421605
livid,4,0.0174939864421605
lumber,4,0.0174939864421605
haze,4,0.0174939864421605
liseran,4,0.0174939864421605
erode,4,0.0174939864421605
magnolia,4,0.0174939864421605
mahogany,4,0.0174939864421605
maize,4,0.0174939864421605
majorelle,4,0.0174939864421605
malachite,4,0.0174939864421605
little,4,0.0174939864421605
lion,4,0.0174939864421605
mango,4,0.0174939864421605
laurel,4,0.0174939864421605
la,4,0.0174939864421605
salle,4,0.0174939864421605
languid,4,0.0174939864421605
lapis,4,0.0174939864421605
lazuli,4,0.0174939864421605
laser,4,0.0174939864421605
curry,4,0.0174939864421605
linen,4,0.0174939864421605
glacier,4,0.0174939864421605
meringue,4,0.0174939864421605
licorice,4,0.0174939864421605
liberty,4,0.0174939864421605
limerick,4,0.0174939864421605
lincoln,4,0.0174939864421605
manatee,4,0.0174939864421605
mantis,4,0.0174939864421605
boat,4,0.0174939864421605
napier,4,0.0174939864421605
mountbatten,4,0.0174939864421605
mughal,4,0.0174939864421605
mulberry,4,0.0174939864421605
mustard,4,0.0174939864421605
myrtle,4,0.0174939864421605
nadeshiko,4,0.0174939864421605
naples,4,0.0174939864421605
mordant,4,0.0174939864421605
car,4,0.0174939864421605
york,4,0.0174939864421605
north,4,0.0174939864421605
texas,4,0.0174939864421605
nyanza,4,0.0174939864421605
ocean,4,0.0174939864421605
meadow,4,0.0174939864421605
moonstone,4,0.0174939864421605
mardi,4,0.0174939864421605
melon,4,0.0174939864421605
gras,4,0.0174939864421605
dilate,4,0.0174939864421605
mauvelous,4,0.0174939864421605
may,4,0.0174939864421605
maya,4,0.0174939864421605
meat,4,0.0174939864421605
seaweed,4,0.0174939864421605
moccasin,4,0.0174939864421605
sunburst,4,0.0174939864421605
mexican,4,0.0174939864421605
eagle,4,0.0174939864421605
mikado,4,0.0174939864421605
mindaro,4,0.0174939864421605
reverse,4,0.0174939864421605
yusuf,4,0.0174939864421605
prussian,4,0.0174939864421605
dawood,4,0.0174939864421605
shamrock,4,0.0174939864421605
school,4,0.0174939864421605
bus,4,0.0174939864421605
screamin,4,0.0174939864421605
seal,4,0.0174939864421605
seashell,4,0.0174939864421605
selective,4,0.0174939864421605
sepia,4,0.0174939864421605
shampoo,4,0.0174939864421605
shimmering,4,0.0174939864421605
russet,4,0.0174939864421605
silk,4,0.0174939864421605
chalice,4,0.0174939864421605
lake,4,0.0174939864421605
sinopia,4,0.0174939864421605
skobeloff,4,0.0174939864421605
unbleached,4,0.0174939864421605
tyrian,4,0.0174939864421605
smalt,4,0.0174939864421605
schauss,4,0.0174939864421605
satin,4,0.0174939864421605
sap,4,0.0174939864421605
sangria,4,0.0174939864421605
rust,4,0.0174939864421605
tennessee,4,0.0174939864421605
urobilin,4,0.0174939864421605
rusty,4,0.0174939864421605
sacramento,4,0.0174939864421605
state,4,0.0174939864421605
upsdell,4,0.0174939864421605
blaze,4,0.0174939864421605
sage,4,0.0174939864421605
unmellow,4,0.0174939864421605
california,4,0.0174939864421605
st,4,0.0174939864421605
patrick,4,0.0174939864421605
dune,4,0.0174939864421605
sandstorm,4,0.0174939864421605
nations,4,0.0174939864421605
united,4,0.0174939864421605
twilight,4,0.0174939864421605
smitten,4,0.0174939864421605
kobi,4,0.0174939864421605
stizza,4,0.0174939864421605
stormcloud,4,0.0174939864421605
straw,4,0.0174939864421605
tractor,4,0.0174939864421605
sunglow,4,0.0174939864421605
sunray,4,0.0174939864421605
super,4,0.0174939864421605
toolbox,4,0.0174939864421605
tomato,4,0.0174939864421605
tangelo,4,0.0174939864421605
titanium,4,0.0174939864421605
timberwolf,4,0.0174939864421605
telemagenta,4,0.0174939864421605
eye,4,0.0174939864421605
tiger,4,0.0174939864421605
tenn,4,0.0174939864421605
tiffany,4,0.0174939864421605
thistle,4,0.0174939864421605
trolley,4,0.0174939864421605
grain,4,0.0174939864421605
smokey,4,0.0174939864421605
stil,4,0.0174939864421605
smoky,4,0.0174939864421605
tuscany,4,0.0174939864421605
turkish,4,0.0174939864421605
tumbleweed,4,0.0174939864421605
snow,4,0.0174939864421605
soap,4,0.0174939864421605
solid,4,0.0174939864421605
sonic,4,0.0174939864421605
spartan,4,0.0174939864421605
tulip,4,0.0174939864421605
tufts,4,0.0174939864421605
spiro,4,0.0174939864421605
disco,4,0.0174939864421605
true,4,0.0174939864421605
rain,4,0.0174939864421605
command,4,0.0174939864421605
tropical,4,0.0174939864421605
utah,4,0.0174939864421605
ice,4,0.0174939864421605
pansy,4,0.0174939864421605
pomp,4,0.0174939864421605
piggy,4,0.0174939864421605
pine,4,0.0174939864421605
pineapple,4,0.0174939864421605
sherbet,4,0.0174939864421605
wisteria,4,0.0174939864421605
dregs,4,0.0174939864421605
pistachio,4,0.0174939864421605
platinum,4,0.0174939864421605
windsor,4,0.0174939864421605
rufous,4,0.0174939864421605
power,4,0.0174939864421605
popstar,4,0.0174939864421605
willpower,4,0.0174939864421605
portland,4,0.0174939864421605
princeton,4,0.0174939864421605
watermelon,4,0.0174939864421605
prune,4,0.0174939864421605
tickle,4,0.0174939864421605
pictorial,4,0.0174939864421605
picton,4,0.0174939864421605
phlox,4,0.0174939864421605
peru,4,0.0174939864421605
paolo,4,0.0174939864421605
zomp,4,0.0174939864421605
veronese,4,0.0174939864421605
zinnwaldite,4,0.0174939864421605
paradise,4,0.0174939864421605
paris,4,0.0174939864421605
zaffre,4,0.0174939864421605
patriarch,4,0.0174939864421605
payne,4,0.0174939864421605
yankees,4,0.0174939864421605
pear,4,0.0174939864421605
yale,4,0.0174939864421605
pearly,4,0.0174939864421605
peridot,4,0.0174939864421605
xanadu,4,0.0174939864421605
periwinkle,4,0.0174939864421605
persimmon,4,0.0174939864421605
psychedelic,4,0.0174939864421605
pullman,4,0.0174939864421605
pumpkin,4,0.0174939864421605
waterspout,4,0.0174939864421605
rifle,4,0.0174939864421605
roast,4,0.0174939864421605
rocket,4,0.0174939864421605
roman,4,0.0174939864421605
bonbon,4,0.0174939864421605
madder,4,0.0174939864421605
vale,4,0.0174939864421605
rosewood,4,0.0174939864421605
rosso,4,0.0174939864421605
vista,4,0.0174939864421605
veronica,4,0.0174939864421605
verdigris,4,0.0174939864421605
venetian,4,0.0174939864421605
vegas,4,0.0174939864421605
corsa,4,0.0174939864421605
ruber,4,0.0174939864421605
rubine,4,0.0174939864421605
warm,4,0.0174939864421605
wenge,4,0.0174939864421605
majesty,4,0.0174939864421605
wheat,4,0.0174939864421605
pizzazz,4,0.0174939864421605
purpureus,4,0.0174939864421605
quinacridone,4,0.0174939864421605
rackley,4,0.0174939864421605
radical,4,0.0174939864421605
rajah,4,0.0174939864421605
glace,4,0.0174939864421605
razzle,4,0.0174939864421605
dazzle,4,0.0174939864421605
razzmatazz,4,0.0174939864421605
razzmic,4,0.0174939864421605
berry,4,0.0174939864421605
devil,4,0.0174939864421605
redwood,4,0.0174939864421605
regalia,4,0.0174939864421605
resolution,4,0.0174939864421605
rhythm,4,0.0174939864421605
kombu,4,0.0174939864421605
generic,4,0.0174939864421605
kobe,4,0.0174939864421605
charm,4,0.0174939864421605
bulgarian,4,0.0174939864421605
bubbles,4,0.0174939864421605
gum,4,0.0174939864421605
bubble,4,0.0174939864421605
brunswick,4,0.0174939864421605
nose,4,0.0174939864421605
racing,4,0.0174939864421605
british,4,0.0174939864421605
brink,4,0.0174939864421605
brandeis,4,0.0174939864421605
boysenberry,4,0.0174939864421605
bottle,4,0.0174939864421605
boston,4,0.0174939864421605
keppel,4,0.0174939864421605
bondi,4,0.0174939864421605
bole,4,0.0174939864421605
bluebonnet,4,0.0174939864421605
blueberry,4,0.0174939864421605
bell,4,0.0174939864421605
blizzard,4,0.0174939864421605
france,4,0.0174939864421605
bleu,4,0.0174939864421605
blast,4,0.0174939864421605
jacket,4,0.0174939864421605
leather,4,0.0174939864421605
shimmer,4,0.0174939864421605
bisque,4,0.0174939864421605
dip,4,0.0174939864421605
big,4,0.0174939864421605
burlywood,4,0.0174939864421605
byzantine,4,0.0174939864421605
au,4,0.0174939864421605
carnation,4,0.0174939864421605
charcoal,4,0.0174939864421605
chamoisee,4,0.0174939864421605
frost,4,0.0174939864421605
celestial,4,0.0174939864421605
celeste,4,0.0174939864421605
ceil,4,0.0174939864421605
chest,4,0.0174939864421605
cedar,4,0.0174939864421605
catawba,4,0.0174939864421605
catalina,4,0.0174939864421605
castleton,4,0.0174939864421605
carolina,4,0.0174939864421605
carnelian,4,0.0174939864421605
amp,4,0.0174939864421605
lait,4,0.0174939864421605
caribbean,4,0.0174939864421605
mortuum,4,0.0174939864421605
caput,4,0.0174939864421605
capri,4,0.0174939864421605
canary,4,0.0174939864421605
camouflage,4,0.0174939864421605
cameo,4,0.0174939864421605
camel,4,0.0174939864421605
cambridge,4,0.0174939864421605
pomona,4,0.0174939864421605
poly,4,0.0174939864421605
cal,4,0.0174939864421605
noir,4,0.0174939864421605
dazzled,4,0.0174939864421605
beaver,4,0.0174939864421605
beau,4,0.0174939864421605
center,4,0.0174939864421605
interpolation,4,0.0174939864421605
resulting,4,0.0174939864421605
existent,4,0.0174939864421605
formats,4,0.0174939864421605
results,4,0.0174939864421605
lx,4,0.0174939864421605
pixelarray,4,0.0174939864421605
offset,4,0.0174939864421605
distance,4,0.0174939864421605
my,4,0.0174939864421605
horizontal,4,0.0174939864421605
vertical,4,0.0174939864421605
unmodifiable,4,0.0174939864421605
instance,4,0.0174939864421605
acid,4,0.0174939864421605
flip,4,0.0174939864421605
border,4,0.0174939864421605
colo,4,0.0174939864421605
radiu,4,0.0174939864421605
hypthen,4,0.0174939864421605
hyphen,4,0.0174939864421605
capture,4,0.0174939864421605
duration,4,0.0174939864421605
in,4,0.0174939864421605
do,4,0.0174939864421605
intercept,4,0.0174939864421605
text,4,0.0174939864421605
ifd,4,0.0174939864421605
not,4,0.0174939864421605
african,4,0.0174939864421605
bazaar,4,0.0174939864421605
atomic,4,0.0174939864421605
battleship,4,0.0174939864421605
barn,4,0.0174939864421605
barbie,4,0.0174939864421605
bangladesh,4,0.0174939864421605
mania,4,0.0174939864421605
miller,4,0.0174939864421605
baker,4,0.0174939864421605
eyes,4,0.0174939864421605
avocado,4,0.0174939864421605
saurus,4,0.0174939864421605
metal,4,0.0174939864421605
auro,4,0.0174939864421605
aureolin,4,0.0174939864421605
ash,4,0.0174939864421605
superiority,4,0.0174939864421605
arylide,4,0.0174939864421605
artichoke,4,0.0174939864421605
arsenic,4,0.0174939864421605
army,4,0.0174939864421605
ao,4,0.0174939864421605
flash,4,0.0174939864421605
anti,4,0.0174939864421605
android,4,0.0174939864421605
amethyst,4,0.0174939864421605
amazon,4,0.0174939864421605
alloy,4,0.0174939864421605
alizarin,4,0.0174939864421605
alabama,4,0.0174939864421605
charleston,4,0.0174939864421605
bone,4,0.0174939864421605
blossom,4,0.0174939864421605
poppy,4,0.0174939864421605
honolulu,4,0.0174939864421605
honeydew,4,0.0174939864421605
hollywood,4,0.0174939864421605
harvest,4,0.0174939864421605
harvard,4,0.0174939864421605
harlequin,4,0.0174939864421605
hansa,4,0.0174939864421605
be,4,0.0174939864421605
halay,4,0.0174939864421605
guppie,4,0.0174939864421605
grullo,4,0.0174939864421605
smith,4,0.0174939864421605
granny,4,0.0174939864421605
fusion,4,0.0174939864421605
hunter,4,0.0174939864421605
glitter,4,0.0174939864421605
glaucous,4,0.0174939864421605
ginger,4,0.0174939864421605
giants,4,0.0174939864421605
gamboge,4,0.0174939864421605
gainsboro,4,0.0174939864421605
wuzzy,4,0.0174939864421605
fuzzy,4,0.0174939864421605
fulvous,4,0.0174939864421605
fresh,4,0.0174939864421605
folly,4,0.0174939864421605
flirt,4,0.0174939864421605
flax,4,0.0174939864421605
hooker,4,0.0174939864421605
iceberg,4,0.0174939864421605
flattery,4,0.0174939864421605
italian,4,0.0174939864421605
kenyan,4,0.0174939864421605
kelly,4,0.0174939864421605
june,4,0.0174939864421605
jordy,4,0.0174939864421605
jonquil,4,0.0174939864421605
jet,4,0.0174939864421605
jelly,4,0.0174939864421605
jam,4,0.0174939864421605
jazzberry,4,0.0174939864421605
jasper,4,0.0174939864421605
jasmine,4,0.0174939864421605
jade,4,0.0174939864421605
ivory,4,0.0174939864421605
islamic,4,0.0174939864421605
icterine,4,0.0174939864421605
isabelline,4,0.0174939864421605
irresistible,4,0.0174939864421605
iris,4,0.0174939864421605
bridge,4,0.0174939864421605
gate,4,0.0174939864421605
engineering,4,0.0174939864421605
aerospace,4,0.0174939864421605
klein,4,0.0174939864421605
india,4,0.0174939864421605
independence,4,0.0174939864421605
inchworm,4,0.0174939864421605
illuminating,4,0.0174939864421605
chrome,4,0.0174939864421605
flavescent,4,0.0174939864421605
columbia,4,0.0174939864421605
flamingo,4,0.0174939864421605
desire,4,0.0174939864421605
cinnabar,4,0.0174939864421605
cinnamon,4,0.0174939864421605
citrine,4,0.0174939864421605
citron,4,0.0174939864421605
denim,4,0.0174939864421605
sparkle,4,0.0174939864421605
classic,4,0.0174939864421605
debian,4,0.0174939864421605
cobalt,4,0.0174939864421605
cocoa,4,0.0174939864421605
coconut,4,0.0174939864421605
congo,4,0.0174939864421605
cool,4,0.0174939864421605
davy,4,0.0174939864421605
dartmouth,4,0.0174939864421605
penny,4,0.0174939864421605
horses,4,0.0174939864421605
dandelion,4,0.0174939864421605
coquelicot,4,0.0174939864421605
cordovan,4,0.0174939864421605
corn,4,0.0174939864421605
cornell,4,0.0174939864421605
cornsilk,4,0.0174939864421605
daffodil,4,0.0174939864421605
cosmic,4,0.0174939864421605
latte,4,0.0174939864421605
flame,4,0.0174939864421605
glory,4,0.0174939864421605
cotton,4,0.0174939864421605
cinereous,4,0.0174939864421605
claret,4,0.0174939864421605
diamond,4,0.0174939864421605
egyptian,4,0.0174939864421605
earth,4,0.0174939864421605
ecru,4,0.0174939864421605
eerie,4,0.0174939864421605
eggplant,4,0.0174939864421605
feldspar,4,0.0174939864421605
eggshell,4,0.0174939864421605
dirt,4,0.0174939864421605
falu,4,0.0174939864421605
feldgrau,4,0.0174939864421605
eminence,4,0.0174939864421605
fawn,4,0.0174939864421605
eton,4,0.0174939864421605
eucalyptus,4,0.0174939864421605
fallow,4,0.0174939864421605
dutch,4,0.0174939864421605
fashion,4,0.0174939864421605
firebrick,4,0.0174939864421605
storm,4,0.0174939864421605
engine,4,0.0174939864421605
dust,4,0.0174939864421605
duke,4,0.0174939864421605
donkey,4,0.0174939864421605
ferrari,4,0.0174939864421605
fern,4,0.0174939864421605
dogwood,4,0.0174939864421605
bill,4,0.0174939864421605
dollar,4,0.0174939864421605
counter,3,0.0131204898316203
rgbsum,3,0.0131204898316203
grabber,3,0.0131204898316203
rgbcount,3,0.0131204898316203
mind,3,0.0131204898316203
myimage,3,0.0131204898316203
parameter,3,0.0131204898316203
byte,3,0.0131204898316203
angle,3,0.0131204898316203
gpu,3,0.0131204898316203
inner,3,0.0131204898316203
ready,3,0.0131204898316203
crop,3,0.0131204898316203
key,3,0.0131204898316203
properties,3,0.0131204898316203
asyn,3,0.0131204898316203
contex,3,0.0131204898316203
newcolor,3,0.0131204898316203
types,3,0.0131204898316203
async,3,0.0131204898316203
dimenions,3,0.0131204898316203
wh,3,0.0131204898316203
nu,3,0.0131204898316203
pol,3,0.0131204898316203
gam,3,0.0131204898316203
ma,3,0.0131204898316203
zoom,3,0.0131204898316203
hints,3,0.0131204898316203
font,3,0.0131204898316203
ac,3,0.0131204898316203
conv,3,0.0131204898316203
serial,3,0.0131204898316203
exists,3,0.0131204898316203
urls,3,0.0131204898316203
changed,3,0.0131204898316203
streams,3,0.0131204898316203
iterable,3,0.0131204898316203
genes,3,0.0131204898316203
exist,3,0.0131204898316203
overwrit,3,0.0131204898316203
ly,3,0.0131204898316203
zero,3,0.0131204898316203
gaus,3,0.0131204898316203
tg,3,0.0131204898316203
tb,3,0.0131204898316203
status,3,0.0131204898316203
final,3,0.0131204898316203
skip,2,0.0087469932210802
filenames,2,0.0087469932210802
sources,2,0.0087469932210802
regio,2,0.0087469932210802
remaining,2,0.0087469932210802
arg,2,0.0087469932210802
proxy,2,0.0087469932210802
captured,2,0.0087469932210802
debug,2,0.0087469932210802
header,2,0.0087469932210802
increment,2,0.0087469932210802
by,2,0.0087469932210802
rati,2,0.0087469932210802
dithering,2,0.0087469932210802
string,2,0.0087469932210802
metadata,2,0.0087469932210802
node,2,0.0087469932210802
bo,2,0.0087469932210802
fields,2,0.0087469932210802
determine,2,0.0087469932210802
unspecified,2,0.0087469932210802
orig,2,0.0087469932210802
writers,2,0.0087469932210802
already,2,0.0087469932210802
uninitialized,2,0.0087469932210802
backgroun,2,0.0087469932210802
watermar,2,0.0087469932210802
apply,2,0.0087469932210802
appl,2,0.0087469932210802
extensio,2,0.0087469932210802
rotate,2,0.0087469932210802
rectangle,2,0.0087469932210802
renamer,2,0.0087469932210802
make,2,0.0087469932210802
resizerfactory,2,0.0087469932210802
broken,2,0.0087469932210802
antialiasing,2,0.0087469932210802
coun,2,0.0087469932210802
fos,2,0.0087469932210802
fis,2,0.0087469932210802
property,2,0.0087469932210802
images,2,0.0087469932210802
hint,2,0.0087469932210802
resize,2,0.0087469932210802
current,2,0.0087469932210802
tas,2,0.0087469932210802
unknown,2,0.0087469932210802
cropping,2,0.0087469932210802
fill,2,0.0087469932210802
ic,2,0.0087469932210802
divsum,2,0.0087469932210802
rinsum,2,0.0087469932210802
ex,2,0.0087469932210802
dis,2,0.0087469932210802
boutsum,2,0.0087469932210802
cosmap,2,0.0087469932210802
goutsum,2,0.0087469932210802
routsum,2,0.0087469932210802
hp,2,0.0087469932210802
rbs,2,0.0087469932210802
sir,2,0.0087469932210802
stackstart,2,0.0087469932210802
rlevel,2,0.0087469932210802
gaussian,2,0.0087469932210802
stackpointer,2,0.0087469932210802
cany,2,0.0087469932210802
stack,2,0.0087469932210802
dv,2,0.0087469932210802
vmin,2,0.0087469932210802
yw,2,0.0087469932210802
yp,2,0.0087469932210802
bsum,2,0.0087469932210802
gsum,2,0.0087469932210802
rsum,2,0.0087469932210802
wx,2,0.0087469932210802
wy,2,0.0087469932210802
sin,2,0.0087469932210802
gau,2,0.0087469932210802
ginsum,2,0.0087469932210802
cos,2,0.0087469932210802
dirx,2,0.0087469932210802
down,2,0.0087469932210802
thread,2,0.0087469932210802
weak,2,0.0087469932210802
cente,2,0.0087469932210802
quantization,2,0.0087469932210802
callback,2,0.0087469932210802
bitma,2,0.0087469932210802
rate,2,0.0087469932210802
bitlength,2,0.0087469932210802
bits,2,0.0087469932210802
setvalue,2,0.0087469932210802
lengt,2,0.0087469932210802
rmax,2,0.0087469932210802
blurred,2,0.0087469932210802
reuse,2,0.0087469932210802
can,2,0.0087469932210802
difgaus,2,0.0087469932210802
dif,2,0.0087469932210802
mlevel,2,0.0087469932210802
lxy,2,0.0087469932210802
lxx,2,0.0087469932210802
lyy,2,0.0087469932210802
lvv,2,0.0087469932210802
sent,2,0.0087469932210802
binsum,2,0.0087469932210802
hm,2,0.0087469932210802
corner,2,0.0087469932210802
main,2,0.0087469932210802
difgau,2,0.0087469932210802
buf,2,0.0087469932210802
median,2,0.0087469932210802
distancemap,2,0.0087469932210802
polygonpoints,2,0.0087469932210802
hello,2,0.0087469932210802
normalization,2,0.0087469932210802
ss,2,0.0087469932210802
gauss,2,0.0087469932210802
desc,2,0.0087469932210802
blur,2,0.0087469932210802
layout,2,0.0087469932210802
test,2,0.0087469932210802
linear,2,0.0087469932210802
launcher,2,0.0087469932210802
lim,2,0.0087469932210802
xj,2,0.0087469932210802
yj,2,0.0087469932210802
pg,2,0.0087469932210802
rs,2,0.0087469932210802
foreground,2,0.0087469932210802
rand,2,0.0087469932210802
wm,2,0.0087469932210802
gene,2,0.0087469932210802
score,2,0.0087469932210802
population,2,0.0087469932210802
bc,2,0.0087469932210802
simg,2,0.0087469932210802
pix,2,0.0087469932210802
container,2,0.0087469932210802
di,1,0.0043734966105401
animat,1,0.0043734966105401
obj,1,0.0043734966105401
rect,1,0.0043734966105401
ite,1,0.0043734966105401
samplin,1,0.0043734966105401
propertie,1,0.0043734966105401
margin,1,0.0043734966105401
ta,1,0.0043734966105401
ke,1,0.0043734966105401
re,1,0.0043734966105401
mock,1,0.0043734966105401
captur,1,0.0043734966105401
tags,1,0.0043734966105401
destinatio,1,0.0043734966105401
sourc,1,0.0043734966105401
supplier,1,0.0043734966105401
bitmap>,1,0.0043734966105401
resource<,1,0.0043734966105401
destg,1,0.0043734966105401
transformed,1,0.0043734966105401
transform,1,0.0043734966105401
arra,1,0.0043734966105401
ref,1,0.0043734966105401
callbac,1,0.0043734966105401
other,1,0.0043734966105401
thrown,1,0.0043734966105401
vie,1,0.0043734966105401
return,1,0.0043734966105401
ir,1,0.0043734966105401
subsampling,1,0.0043734966105401
len,1,0.0043734966105401
readers,1,0.0043734966105401
iis,1,0.0043734966105401
compression,1,0.0043734966105401
diamete,1,0.0043734966105401
ios,1,0.0043734966105401
last,1,0.0043734966105401
class,1,0.0043734966105401
suffixes,1,0.0043734966105401
ur,1,0.0043734966105401
prox,1,0.0043734966105401
cache,1,0.0043734966105401
animate,1,0.0043734966105401
notifier,1,0.0043734966105401
pattern,1,0.0043734966105401
root,1,0.0043734966105401
child,1,0.0043734966105401
nodes,1,0.0043734966105401
marker,1,0.0043734966105401
sequence,1,0.0043734966105401
children,1,0.0043734966105401
tiff,1,0.0043734966105401
exception,1,0.0043734966105401
structure,1,0.0043734966105401
prime,1,0.0043734966105401
rf,1,0.0043734966105401
tracker,1,0.0043734966105401
fon,1,0.0043734966105401
margi,1,0.0043734966105401
gen,1,0.0043734966105401
xpoint,1,0.0043734966105401
pls,1,0.0043734966105401
loop,1,0.0043734966105401
draw,1,0.0043734966105401
pp,1,0.0043734966105401
ym,1,0.0043734966105401
xm,1,0.0043734966105401
stream,1,0.0043734966105401
zo,1,0.0043734966105401
ro,1,0.0043734966105401
ymov,1,0.0043734966105401
xmov,1,0.0043734966105401
filepath,1,0.0043734966105401
available,1,0.0043734966105401
wweight,1,0.0043734966105401
hweight,1,0.0043734966105401
yto,1,0.0043734966105401
named,1,0.0043734966105401
as,1,0.0043734966105401
xto,1,0.0043734966105401
cost,1,0.0043734966105401
ypoint,1,0.0043734966105401
scor,1,0.0043734966105401
brightness,1,0.0043734966105401
mx,1,0.0043734966105401
panel,1,0.0043734966105401
bimg,1,0.0043734966105401
license,1,0.0043734966105401
links,1,0.0043734966105401
update,1,0.0043734966105401
latest,1,0.0043734966105401
product,1,0.0043734966105401
iobj,1,0.0043734966105401
rx,1,0.0043734966105401
mimg,1,0.0043734966105401
sc,1,0.0043734966105401
bytedata,1,0.0043734966105401
retimage,1,0.0043734966105401
line,1,0.0043734966105401
readsize,1,0.0043734966105401
imp,1,0.0043734966105401
ga,1,0.0043734966105401
qualit,1,0.0043734966105401
mapsu,1,0.0043734966105401
mapsum,1,0.0043734966105401
polygons,1,0.0043734966105401
sint,1,0.0043734966105401
reduce,1,0.0043734966105401
hough,1,0.0043734966105401
canyf,1,0.0043734966105401
pane,1,0.0043734966105401
alph,1,0.0043734966105401
px,1,0.0043734966105401
en,1,0.0043734966105401
threshol,1,0.0043734966105401
levels,1,0.0043734966105401
nx,1,0.0043734966105401
ny,1,0.0043734966105401
positions,1,0.0043734966105401
angl,1,0.0043734966105401
intensit,1,0.0043734966105401
pixe,1,0.0043734966105401
composite,1,0.0043734966105401
composit,1,0.0043734966105401
with,1,0.0043734966105401
opacit,1,0.0043734966105401
filte,1,0.0043734966105401
contras,1,0.0043734966105401
point,1,0.0043734966105401
contrast,1,0.0043734966105401
brightnes,1,0.0043734966105401
captio,1,0.0043734966105401
rd,1,0.0043734966105401
cro,1,0.0043734966105401
sinmap,1,0.0043734966105401
log,1,0.0043734966105401
xconv,1,0.0043734966105401
edge,1,0.0043734966105401
sinma,1,0.0043734966105401
ra,1,0.0043734966105401
maxv,1,0.0043734966105401
tlevel,1,0.0043734966105401
same,1,0.0043734966105401
pc,1,0.0043734966105401
rad,1,0.0043734966105401
mas,1,0.0043734966105401
atan,1,0.0043734966105401
diry,1,0.0043734966105401
sam,1,0.0043734966105401
mag,1,0.0043734966105401
rma,1,0.0043734966105401
onethet,1,0.0043734966105401
thet,1,0.0043734966105401
pat,1,0.0043734966105401
onetheta,1,0.0043734966105401
resources,1,0.0043734966105401

