node,1017,5.074343877856501
tag,857,4.276020357249776
name,656,3.273126434487576
self,626,3.123440774373815
x,610,3.0436084223131425
y,515,2.569603831952899
value,512,2.554635265941523
input,510,2.5446562219339386
image,472,2.3550543857898414
w,462,2.305159165751921
img,395,1.9708611914978544
h,357,1.7812593553537572
out,356,1.7762698333499651
id,324,1.61660512922862
dict,307,1.5317832551641553
c,267,1.3322023750124738
output,262,1.3072547649935136
connection,256,1.2773176329707614
frame,209,1.0428100987925355
i,201,1.0028939227621994
iou,200,0.9979044007584074
info,187,0.9330406147091108
setting,184,0.9180720486977348
model,183,0.9130825266939429
window,166,0.8282606526294781
small,165,0.823271130625686
k,148,0.7384492565612214
src,145,0.7234806905498453
pos,134,0.668595948508133
path,131,0.6536273824967568
class,130,0.6486378604929648
t,127,0.6336692944815887
max,127,0.6336692944815887
d,123,0.6137112064664205
score,123,0.6137112064664205
time,120,0.5987426404550444
result,112,0.5588264644247081
size,111,0.5538369424209161
gray,111,0.5538369424209161
b,105,0.5238998103981638
list,102,0.5089312443867877
l,99,0.4939626783754116
r,98,0.4889731563716196
dy,97,0.4839836343678275
dx,97,0.4839836343678275
a,94,0.4690150683564514
min,94,0.4690150683564514
th,93,0.4640255463526594
area,90,0.4490569803412833
v,88,0.4390779363336992
opencv,87,0.4340884143299072
scores,85,0.4241093703223231
use,83,0.414130326314739
bboxes,82,0.409140804310947
black,80,0.3991617603033629
label,80,0.3991617603033629
texture,78,0.3891827162957789
color,74,0.3692246282806107
elapsed,71,0.3542560622692346
n,69,0.3442770182616505
num,68,0.3392874962578585
g,67,0.3342979742540665
width,66,0.3293084522502744
ind,61,0.3043608422313142
map,61,0.3043608422313142
counter,60,0.2993713202275222
pref,60,0.2993713202275222
debug,60,0.2993713202275222
height,60,0.2993713202275222
m,58,0.2893922762199381
ids,57,0.2844027542161461
j,57,0.2844027542161461
results,55,0.274423710208562
tmp,52,0.2594551441971859
inds,50,0.2494761001896018
providers,49,0.2444865781858098
val,49,0.2444865781858098
flag,48,0.2394970561820177
base,48,0.2394970561820177
f,48,0.2394970561820177
type,46,0.2295180121744336
ix,46,0.2295180121744336
text,46,0.2295180121744336
iy,45,0.2245284901706416
ver,45,0.2245284901706416
crop,44,0.2195389681668496
provider,43,0.2145494461630575
mask,43,0.2145494461630575
parent,43,0.2145494461630575
bbox,42,0.2095599241592655
callback,42,0.2095599241592655
sigma,42,0.2095599241592655
track,41,0.2045704021554735
ret,41,0.2045704021554735
new,41,0.2045704021554735
grad,40,0.1995808801516814
data,38,0.1896018361440974
landmark,38,0.1896018361440974
target,37,0.1846123141403053
u,37,0.1846123141403053
index,37,0.1846123141403053
start,35,0.1746332701327212
pred,35,0.1746332701327212
source,34,0.1696437481289292
mean,34,0.1696437481289292
cap,34,0.1696437481289292
z,34,0.1696437481289292
detections,34,0.1696437481289292
p,33,0.1646542261251372
destination,33,0.1646542261251372
array,33,0.1646542261251372
gra,32,0.1596647041213451
pad,32,0.1596647041213451
od,32,0.1596647041213451
detection,32,0.1596647041213451
det,32,0.1596647041213451
ratio,31,0.1546751821175531
segmentation,31,0.1546751821175531
indices,30,0.1496856601137611
select,29,0.144696138109969
count,27,0.134717094102385
theta,26,0.1297275720985929
gt,26,0.1297275720985929
region,26,0.1297275720985929
cls,25,0.1247380500948009
boxes,25,0.1247380500948009
points,24,0.1197485280910088
s,23,0.1147590060872168
judge,23,0.1147590060872168
file,22,0.1097694840834248
nms,22,0.1097694840834248
depth,22,0.1097694840834248
key,22,0.1097694840834248
matrix,21,0.1047799620796327
nn,21,0.1047799620796327
gau,21,0.1047799620796327
old,21,0.1047799620796327
capture,21,0.1047799620796327
classes,21,0.1047799620796327
obj,20,0.0997904400758407
threshold,20,0.0997904400758407
compare,20,0.0997904400758407
return,20,0.0997904400758407
hog,19,0.0948009180720487
box,19,0.0948009180720487
cv,19,0.0948009180720487
detects,19,0.0948009180720487
dist,19,0.0948009180720487
kernel,19,0.0948009180720487
hist,18,0.0898113960682566
temp,18,0.0898113960682566
db,17,0.0848218740644646
draw,17,0.0848218740644646
dets,17,0.0848218740644646
slot,17,0.0848218740644646
mag,17,0.0848218740644646
edge,17,0.0848218740644646
channel,17,0.0848218740644646
cost,16,0.0798323520606725
thickness,16,0.0798323520606725
names,16,0.0798323520606725
hh,16,0.0798323520606725
eps,16,0.0798323520606725
gx,16,0.0798323520606725
gy,16,0.0798323520606725
pnt,15,0.0748428300568805
hw,15,0.0748428300568805
prob,15,0.0748428300568805
keep,15,0.0748428300568805
unselected,15,0.0748428300568805
feature,15,0.0748428300568805
top,15,0.0748428300568805
covariance,14,0.0698533080530885
train,14,0.0698533080530885
cu,14,0.0698533080530885
gpu,14,0.0698533080530885
gamma,14,0.0698533080530885
idx,14,0.0698533080530885
resized,14,0.0698533080530885
strides,14,0.0698533080530885
fx,14,0.0698533080530885
fy,14,0.0698533080530885
q,14,0.0698533080530885
xi,14,0.0698533080530885
yi,14,0.0698533080530885
number,14,0.0698533080530885
prev,14,0.0698533080530885
no,14,0.0698533080530885
device,14,0.0698533080530885
outd,13,0.0648637860492964
imgs,13,0.0648637860492964
std,13,0.0648637860492964
distance,13,0.0648637860492964
unmatched,13,0.0648637860492964
lr,13,0.0648637860492964
left,12,0.0598742640455044
fps,12,0.0598742640455044
hconcat,12,0.0598742640455044
side,12,0.0598742640455044
dataset,12,0.0598742640455044
padded,12,0.0598742640455044
point,12,0.0598742640455044
rtsp,12,0.0598742640455044
random,12,0.0598742640455044
with,12,0.0598742640455044
sender,12,0.0598742640455044
rec,12,0.0598742640455044
instance,12,0.0598742640455044
order,11,0.0548847420417124
scale,11,0.0548847420417124
areas,11,0.0548847420417124
preds,11,0.0548847420417124
video,11,0.0548847420417124
resize,11,0.0548847420417124
gabor,11,0.0548847420417124
aw,11,0.0548847420417124
ah,11,0.0548847420417124
dim,11,0.0548847420417124
colormap,11,0.0548847420417124
match,10,0.0498952200379203
change,10,0.0498952200379203
thresh,10,0.0498952200379203
tokens,10,0.0498952200379203
gazo,10,0.0498952200379203
lab,10,0.0498952200379203
nodes,10,0.0498952200379203
camera,10,0.0498952200379203
filter,10,0.0498952200379203
hsv,9,0.0449056980341283
angle,9,0.0449056980341283
visibility,9,0.0449056980341283
beta,9,0.0449056980341283
display,9,0.0449056980341283
seed,9,0.0449056980341283
success,9,0.0449056980341283
shape,9,0.0449056980341283
erode,9,0.0449056980341283
recs,9,0.0449056980341283
ht,9,0.0449056980341283
matches,9,0.0449056980341283
mat,9,0.0449056980341283
tx,9,0.0449056980341283
dh,9,0.0449056980341283
mor,9,0.0449056980341283
stride,9,0.0449056980341283
ty,9,0.0449056980341283
dw,9,0.0449056980341283
tracker,9,0.0449056980341283
movie,8,0.0399161760303362
stracks,8,0.0399161760303362
var,8,0.0399161760303362
seek,8,0.0399161760303362
process,8,0.0399161760303362
multi,8,0.0399161760303362
writer,8,0.0399161760303362
labels,8,0.0399161760303362
mp,8,0.0399161760303362
confidence,8,0.0399161760303362
dil,8,0.0399161760303362
on,8,0.0399161760303362
transform,8,0.0399161760303362
intersect,8,0.0399161760303362
information,8,0.0399161760303362
ious,8,0.0399161760303362
sim,8,0.0399161760303362
lines,8,0.0399161760303362
position,8,0.0399161760303362
default,8,0.0399161760303362
mf,8,0.0399161760303362
right,8,0.0399161760303362
link,7,0.0349266540265442
object,7,0.0349266540265442
line,7,0.0349266540265442
tan,7,0.0349266540265442
ksh,7,0.0349266540265442
only,7,0.0349266540265442
palm,7,0.0349266540265442
rho,7,0.0349266540265442
ksv,7,0.0349266540265442
thr,7,0.0349266540265442
valid,7,0.0349266540265442
mse,7,0.0349266540265442
all,7,0.0349266540265442
adbc,7,0.0349266540265442
serial,7,0.0349266540265442
editor,7,0.0349266540265442
to,7,0.0349266540265442
predictions,7,0.0349266540265442
phi,7,0.0349266540265442
idxs,7,0.0349266540265442
alpha,7,0.0349266540265442
landmarks,7,0.0349266540265442
cov,7,0.0349266540265442
cy,7,0.0349266540265442
matched,7,0.0349266540265442
button,7,0.0349266540265442
cx,7,0.0349266540265442
rate,7,0.0349266540265442
accuracy,7,0.0349266540265442
interpolation,6,0.0299371320227522
pdb,6,0.0299371320227522
eva,6,0.0299371320227522
keypoint,6,0.0299371320227522
token,6,0.0299371320227522
pts,6,0.0299371320227522
dst,6,0.0299371320227522
batch,6,0.0299371320227522
sensor,6,0.0299371320227522
loss,6,0.0299371320227522
difs,6,0.0299371320227522
param,6,0.0299371320227522
pl,6,0.0299371320227522
captions,6,0.0299371320227522
loader,6,0.0299371320227522
bg,6,0.0299371320227522
yaw,6,0.0299371320227522
online,6,0.0299371320227522
features,6,0.0299371320227522
row,6,0.0299371320227522
update,6,0.0299371320227522
tracked,6,0.0299371320227522
switch,6,0.0299371320227522
tracks,6,0.0299371320227522
filepath,6,0.0299371320227522
length,6,0.0299371320227522
objects,6,0.0299371320227522
url,6,0.0299371320227522
queue,6,0.0299371320227522
sum,6,0.0299371320227522
gating,6,0.0299371320227522
str,6,0.0299371320227522
last,6,0.0299371320227522
metrics,6,0.0299371320227522
arg,6,0.0299371320227522
o,6,0.0299371320227522
description,6,0.0299371320227522
roll,6,0.0299371320227522
pitch,6,0.0299371320227522
current,6,0.0299371320227522
second,6,0.0299371320227522
atlbrs,5,0.0249476100189601
dt,5,0.0249476100189601
dists,5,0.0249476100189601
btlbrs,5,0.0249476100189601
argmax,5,0.0249476100189601
block,5,0.0249476100189601
bout,5,0.0249476100189601
wout,5,0.0249476100189601
en,5,0.0249476100189601
processed,5,0.0249476100189601
lt,5,0.0249476100189601
ymin,5,0.0249476100189601
tlwh,5,0.0249476100189601
frames,5,0.0249476100189601
psnr,5,0.0249476100189601
xy,5,0.0249476100189601
sort,5,0.0249476100189601
radius,5,0.0249476100189601
face,5,0.0249476100189601
import,5,0.0249476100189601
args,5,0.0249476100189601
before,5,0.0249476100189601
total,5,0.0249476100189601
py,5,0.0249476100189601
is,5,0.0249476100189601
step,5,0.0249476100189601
roi,5,0.0249476100189601
code,5,0.0249476100189601
imagepoint,5,0.0249476100189601
acc,5,0.0249476100189601
check,5,0.0249476100189601
user,5,0.0249476100189601
custom,5,0.0249476100189601
menu,5,0.0249476100189601
xmin,5,0.0249476100189601
coco,5,0.0249476100189601
ymax,4,0.0199580880151681
center,4,0.0199580880151681
den,4,0.0199580880151681
edit,4,0.0199580880151681
save,4,0.0199580880151681
request,4,0.0199580880151681
xmax,4,0.0199580880151681
ax,4,0.0199580880151681
lut,4,0.0199580880151681
colors,4,0.0199580880151681
staleness,4,0.0199580880151681
channels,4,0.0199580880151681
targets,4,0.0199580880151681
cropped,4,0.0199580880151681
flipcode,4,0.0199580880151681
hflip,4,0.0199580880151681
vflip,4,0.0199580880151681
xyxy,4,0.0199580880151681
bb,4,0.0199580880151681
vel,4,0.0199580880151681
border,4,0.0199580880151681
cs,4,0.0199580880151681
minv,4,0.0199580880151681
ct,4,0.0199580880151681
err,4,0.0199580880151681
wt,4,0.0199580880151681
swap,4,0.0199580880151681
level,4,0.0199580880151681
px,4,0.0199580880151681
gs,4,0.0199580880151681
lambda,4,0.0199580880151681
fuse,4,0.0199580880151681
hough,4,0.0199580880151681
ixy,4,0.0199580880151681
kwargs,4,0.0199580880151681
dis,4,0.0199580880151681
trackers,4,0.0199580880151681
measurements,4,0.0199580880151681
similarity,4,0.0199580880151681
fn,4,0.0199580880151681
inertia,4,0.0199580880151681
exist,4,0.0199580880151681
pt,4,0.0199580880151681
hit,4,0.0199580880151681
ps,4,0.0199580880151681
vs,4,0.0199580880151681
grids,4,0.0199580880151681
binary,4,0.0199580880151681
inter,4,0.0199580880151681
word,4,0.0199580880151681
loop,4,0.0199580880151681
expand,4,0.0199580880151681
steps,4,0.0199580880151681
anchors,4,0.0199580880151681
sizes,4,0.0199580880151681
yy,4,0.0199580880151681
conf,4,0.0199580880151681
xx,4,0.0199580880151681
expanded,4,0.0199580880151681
directory,4,0.0199580880151681
tracking,4,0.0199580880151681
anchor,4,0.0199580880151681
topk,4,0.0199580880151681
hidden,4,0.0199580880151681
seqinfo,3,0.0149685660113761
res,3,0.0149685660113761
spec,3,0.0149685660113761
bitrate,3,0.0149685660113761
sobelx,3,0.0149685660113761
sobely,3,0.0149685660113761
idet,3,0.0149685660113761
mu,3,0.0149685660113761
tlbr,3,0.0149685660113761
epsilon,3,0.0149685660113761
itracked,3,0.0149685660113761
pool,3,0.0149685660113761
initial,3,0.0149685660113761
config,3,0.0149685660113761
hi,3,0.0149685660113761
sorted,3,0.0149685660113761
histgram,3,0.0149685660113761
drho,3,0.0149685660113761
feats,3,0.0149685660113761
pose,3,0.0149685660113761
filename,3,0.0149685660113761
test,3,0.0149685660113761
newcameramtx,3,0.0149685660113761
some,3,0.0149685660113761
missing,3,0.0149685660113761
motion,3,0.0149685660113761
params,3,0.0149685660113761
dtheta,3,0.0149685660113761
circles,3,0.0149685660113761
lo,3,0.0149685660113761
apt,3,0.0149685660113761
as,3,0.0149685660113761
diff,3,0.0149685660113761
cond,3,0.0149685660113761
reduced,3,0.0149685660113761
cmap,3,0.0149685660113761
at,3,0.0149685660113761
table,3,0.0149685660113761
stop,3,0.0149685660113761
markers,3,0.0149685660113761
samples,3,0.0149685660113761
wh,3,0.0149685660113761
columns,3,0.0149685660113761
hands,3,0.0149685660113761
period,3,0.0149685660113761
pn,3,0.0149685660113761
components,3,0.0149685660113761
keypoints,3,0.0149685660113761
diag,3,0.0149685660113761
vmax,3,0.0149685660113761
outputs,3,0.0149685660113761
sne,3,0.0149685660113761
in,3,0.0149685660113761
st,3,0.0149685660113761
kalman,3,0.0149685660113761
losses,3,0.0149685660113761
fourcc,3,0.0149685660113761
print,3,0.0149685660113761
func,3,0.0149685660113761
skip,3,0.0149685660113761
fp,3,0.0149685660113761
logger,3,0.0149685660113761
font,3,0.0149685660113761
bottom,3,0.0149685660113761
psi,3,0.0149685660113761
canvas,3,0.0149685660113761
ports,3,0.0149685660113761
coords,3,0.0149685660113761
embeddings,3,0.0149685660113761
evaluation,3,0.0149685660113761
miss,2,0.009979044007584
omega,2,0.009979044007584
package,2,0.009979044007584
find,2,0.009979044007584
disappear,2,0.009979044007584
unfinded,2,0.009979044007584
clf,2,0.009979044007584
des,2,0.009979044007584
paths,2,0.009979044007584
rhos,2,0.009979044007584
flann,2,0.009979044007584
version,2,0.009979044007584
async,2,0.009979044007584
thetas,2,0.009979044007584
initialization,2,0.009979044007584
assigned,2,0.009979044007584
past,2,0.009979044007584
df,2,0.009979044007584
accs,2,0.009979044007584
progress,2,0.009979044007584
ts,2,0.009979044007584
par,2,0.009979044007584
summary,2,0.009979044007584
wy,2,0.009979044007584
generate,2,0.009979044007584
overall,2,0.009979044007584
wx,2,0.009979044007584
dcy,2,0.009979044007584
kh,2,0.009979044007584
over,2,0.009979044007584
setup,2,0.009979044007584
kv,2,0.009979044007584
nw,2,0.009979044007584
nh,2,0.009979044007584
vals,2,0.009979044007584
placeholder,2,0.009979044007584
transience,2,0.009979044007584
dcx,2,0.009979044007584
bar,2,0.009979044007584
smooth,2,0.009979044007584
delay,2,0.009979044007584
files,2,0.009979044007584
parser,2,0.009979044007584
matching,2,0.009979044007584
duplicate,2,0.009979044007584
delta,2,0.009979044007584
resolution,2,0.009979044007584
sources,2,0.009979044007584
weight,2,0.009979044007584
green,2,0.009979044007584
red,2,0.009979044007584
weights,2,0.009979044007584
cr,2,0.009979044007584
cb,2,0.009979044007584
blue,2,0.009979044007584
con,2,0.009979044007584
initializing,2,0.009979044007584
epoch,2,0.009979044007584
now,2,0.009979044007584
datetime,2,0.009979044007584
folder,2,0.009979044007584
cmd,2,0.009979044007584
btracks,2,0.009979044007584
activated,2,0.009979044007584
dirname,2,0.009979044007584
yv,2,0.009979044007584
grid,2,0.009979044007584
indexes,2,0.009979044007584
xymax,2,0.009979044007584
method,2,0.009979044007584
xymin,2,0.009979044007584
transforms,2,0.009979044007584
maxval,2,0.009979044007584
complexity,2,0.009979044007584
minval,2,0.009979044007584
types,2,0.009979044007584
anno,2,0.009979044007584
category,2,0.009979044007584
cascade,2,0.009979044007584
alive,2,0.009979044007584
lost,2,0.009979044007584
removed,2,0.009979044007584
state,2,0.009979044007584
fig,2,0.009979044007584
criteria,2,0.009979044007584
connect,2,0.009979044007584
unconfirmed,2,0.009979044007584
it,2,0.009979044007584
xv,2,0.009979044007584
wsize,2,0.009979044007584
hsize,2,0.009979044007584
ext,2,0.009979044007584
selection,2,0.009979044007584
topic,2,0.009979044007584
parm,2,0.009979044007584
big,2,0.009979044007584
mediapipe,2,0.009979044007584
texts,2,0.009979044007584
align,2,0.009979044007584
pipeline,2,0.009979044007584
orig,2,0.009979044007584
caption,2,0.009979044007584
rotation,2,0.009979044007584
wsizes,2,0.009979044007584
degree,2,0.009979044007584
gain,2,0.009979044007584
fmp,2,0.009979044007584
offset,2,0.009979044007584
faces,2,0.009979044007584
end,2,0.009979044007584
lengths,2,0.009979044007584
agnostic,2,0.009979044007584
union,2,0.009979044007584
hsizes,2,0.009979044007584
tid,2,0.009979044007584
webcam,2,0.009979044007584
metric,2,0.009979044007584
tlista,2,0.009979044007584
and,2,0.009979044007584
clss,2,0.009979044007584
rs,2,0.009979044007584
innovation,2,0.009979044007584
pyramid,2,0.009979044007584
constant,2,0.009979044007584
projected,2,0.009979044007584
vectors,2,0.009979044007584
kf,2,0.009979044007584
factor,2,0.009979044007584
atracks,2,0.009979044007584
range,2,0.009979044007584
measurement,2,0.009979044007584
corners,2,0.009979044007584
history,2,0.009979044007584
tlistb,2,0.009979044007584
buffer,2,0.009979044007584
bit,2,0.009979044007584
static,2,0.009979044007584
arr,2,0.009979044007584
dir,2,0.009979044007584
ay,2,0.009979044007584
kp,2,0.009979044007584
aligned,1,0.004989522003792
ser,1,0.004989522003792
rx,1,0.004989522003792
kdtree,1,0.004989522003792
embedding,1,0.004989522003792
pix,1,0.004989522003792
sift,1,0.004989522003792
trainx,1,0.004989522003792
trainy,1,0.004989522003792
eyes,1,0.004989522003792
ran,1,0.004989522003792
ry,1,0.004989522003792
hierarchy,1,0.004989522003792
cnt,1,0.004989522003792
modules,1,0.004989522003792
eye,1,0.004989522003792
dilate,1,0.004989522003792
epo,1,0.004989522003792
ls,1,0.004989522003792
contours,1,0.004989522003792
unuse,1,0.004989522003792
lx,1,0.004989522003792
hes,1,0.004989522003792
stereo,1,0.004989522003792
resnet,1,0.004989522003792
disparity,1,0.004989522003792
ly,1,0.004989522003792
fs,1,0.004989522003792
iycc,1,0.004989522003792
tvecs,1,0.004989522003792
lf,1,0.004989522003792
mi,1,0.004989522003792
argmin,1,0.004989522003792
tika,1,0.004989522003792
zmax,1,0.004989522003792
flat,1,0.004989522003792
lframe,1,0.004989522003792
gframe,1,0.004989522003792
sw,1,0.004989522003792
eh,1,0.004989522003792
blur,1,0.004989522003792
layer,1,0.004989522003792
rat,1,0.004989522003792
im,1,0.004989522003792
png,1,0.004989522003792
ys,1,0.004989522003792
xs,1,0.004989522003792
rnd,1,0.004989522003792
pick,1,0.004989522003792
rvecs,1,0.004989522003792
ey,1,0.004989522003792
mtx,1,0.004989522003792
ycc,1,0.004989522003792
fname,1,0.004989522003792
ex,1,0.004989522003792
images,1,0.004989522003792
imgpoints,1,0.004989522003792
search,1,0.004989522003792
vmin,1,0.004989522003792
objp,1,0.004989522003792
prime,1,0.004989522003792
dxs,1,0.004989522003792
dys,1,0.004989522003792
good,1,0.004989522003792
ew,1,0.004989522003792
objpoints,1,0.004989522003792
cmg,1,0.004989522003792
mt,1,0.004989522003792
yellow,1,0.004989522003792
dif,1,0.004989522003792
np,1,0.004989522003792
resa,1,0.004989522003792
timeq,1,0.004989522003792
timep,1,0.004989522003792
dupb,1,0.004989522003792
dupa,1,0.004989522003792
pairs,1,0.004989522003792
pdist,1,0.004989522003792
exists,1,0.004989522003792
inew,1,0.004989522003792
first,1,0.004989522003792
vconcat,1,0.004989522003792
strack,1,0.004989522003792
high,1,0.004989522003792
low,1,0.004989522003792
remain,1,0.004989522003792
refind,1,0.004989522003792
starcks,1,0.004989522003792
shared,1,0.004989522003792
location,1,0.004989522003792
resb,1,0.004989522003792
connected,1,0.004989522003792
stracksa,1,0.004989522003792
ydata,1,0.004989522003792
port,1,0.004989522003792
reid,1,0.004989522003792
len,1,0.004989522003792
average,1,0.004989522003792
mx,1,0.004989522003792
yaxis,1,0.004989522003792
divide,1,0.004989522003792
xdata,1,0.004989522003792
maha,1,0.004989522003792
stracksb,1,0.004989522003792
squared,1,0.004989522003792
cholesky,1,0.004989522003792
lower,1,0.004989522003792
chol,1,0.004989522003792
sqr,1,0.004989522003792
ndim,1,0.004989522003792
inv,1,0.004989522003792
chi,1,0.004989522003792
since,1,0.004989522003792
curr,1,0.004989522003792
between,1,0.004989522003792
loc,1,0.004989522003792
imagenet,1,0.004989522003792
reg,1,0.004989522003792
person,1,0.004989522003792
classification,1,0.004989522003792
semantic,1,0.004989522003792
yunet,1,0.004989522003792
estimation,1,0.004989522003792
qr,1,0.004989522003792
move,1,0.004989522003792
zd,1,0.004989522003792
net,1,0.004989522003792
ky,1,0.004989522003792
kx,1,0.004989522003792
priors,1,0.004989522003792
maps,1,0.004989522003792
variance,1,0.004989522003792
refine,1,0.004989522003792
mesh,1,0.004989522003792
viewpoint,1,0.004989522003792
ctr,1,0.004989522003792
set,1,0.004989522003792
selfie,1,0.004989522003792
off,1,0.004989522003792
status,1,0.004989522003792
startup,1,0.004989522003792
exec,1,0.004989522003792
mot,1,0.004989522003792
local,1,0.004989522003792
tlwhs,1,0.004989522003792
pil,1,0.004989522003792
enable,1,0.004989522003792
yd,1,0.004989522003792
handedness,1,0.004989522003792
hand,1,0.004989522003792
final,1,0.004989522003792
ovr,1,0.004989522003792
threads,1,0.004989522003792
regs,1,0.004989522003792
ww,1,0.004989522003792
xd,1,0.004989522003792
vector,1,0.004989522003792
log,1,0.004989522003792
event,1,0.004989522003792
format,1,0.004989522003792
once,1,0.004989522003792
least,1,0.004989522003792
detected,1,0.004989522003792
sensors,1,0.004989522003792
velocities,1,0.004989522003792
positions,1,0.004989522003792
float,1,0.004989522003792
flattened,1,0.004989522003792
minimum,1,0.004989522003792
matrixes,1,0.004989522003792
gts,1,0.004989522003792
variable,1,0.004989522003792
dataframe,1,0.004989522003792
mh,1,0.004989522003792
tsacc,1,0.004989522003792
ms,1,0.004989522003792
actual,1,0.004989522003792
terminate,1,0.004989522003792
myfile,1,0.004989522003792
function,1,0.004989522003792
console,1,0.004989522003792
fd,1,0.004989522003792
msg,1,0.004989522003792
mode,1,0.004989522003792
keyword,1,0.004989522003792
directories,1,0.004989522003792
filenames,1,0.004989522003792
extra,1,0.004989522003792
readme,1,0.004989522003792
long,1,0.004989522003792
downsample,1,0.004989522003792
codec,1,0.004989522003792
int,1,0.004989522003792
videos,1,0.004989522003792
vertical,1,0.004989522003792
horizontal,1,0.004989522003792
for,1,0.004989522003792
space,1,0.004989522003792
terminal,1,0.004989522003792
extension,1,0.004989522003792
fields,1,0.004989522003792
pandas,1,0.004989522003792
mm,1,0.004989522003792
silver,1,0.004989522003792
half,1,0.004989522003792
verbose,1,0.004989522003792
fallback,1,0.004989522003792
gen,1,0.004989522003792
tl,1,0.004989522003792
actor,1,0.004989522003792
actors,1,0.004989522003792
warning,1,0.004989522003792
item,1,0.004989522003792
rgb,1,0.004989522003792
nans,1,0.004989522003792
copy,1,0.004989522003792
sidx,1,0.004989522003792
pidx,1,0.004989522003792
cutoff,1,0.004989522003792
acceleration,1,0.004989522003792
velocity,1,0.004989522003792
envvar,1,0.004989522003792
main,1,0.004989522003792
has,1,0.004989522003792
inferred,1,0.004989522003792
teal,1,0.004989522003792
white,1,0.004989522003792
aqua,1,0.004989522003792
fuchsia,1,0.004989522003792
lime,1,0.004989522003792
purple,1,0.004989522003792
grey,1,0.004989522003792
maroon,1,0.004989522003792
navy,1,0.004989522003792
olive,1,0.004989522003792
live,1,0.004989522003792
split,1,0.004989522003792
module,1,0.004989522003792
if,1,0.004989522003792
packages,1,0.004989522003792
positive,1,0.004989522003792
active,1,0.004989522003792
seq,1,0.004989522003792
after,1,0.004989522003792
col,1,0.004989522003792
listener,1,0.004989522003792

