init,147,9.239472030169704
dict,88,5.531112507856694
setting,86,5.405405405405405
get,79,4.965430546825895
call,61,3.8340666247642994
update,60,3.771213073538655
node,49,3.0798240100565684
add,47,2.95411690760528
set,45,2.828409805153991
close,44,2.765556253928347
draw,33,2.07416719044626
image,27,1.697045883092395
process,22,1.3827781269641737
iou,21,1.3199245757385292
forward,18,1.1313639220615963
sigmoid,17,1.0685103708359522
to,17,1.0685103708359522
color,16,1.005656819610308
info,16,1.005656819610308
resize,15,0.9428032683846636
nms,14,0.8799497171590195
train,14,0.8799497171590195
callback,13,0.8170961659333752
hog,12,0.754242614707731
class,11,0.6913890634820867
generate,11,0.6913890634820867
predict,11,0.6913890634820867
main,10,0.6285355122564426
box,9,0.5656819610307983
subset,9,0.5656819610307983
file,8,0.502828409805154
w,7,0.4399748585795097
filter,7,0.4399748585795097
dic,7,0.4399748585795097
list,6,0.3771213073538655
detection,6,0.3771213073538655
plot,6,0.3771213073538655
multiclass,6,0.3771213073538655
create,6,0.3771213073538655
num,6,0.3771213073538655
gray,6,0.3771213073538655
landmarks,5,0.3142677561282213
calc,5,0.3142677561282213
build,5,0.3142677561282213
match,5,0.3142677561282213
map,5,0.3142677561282213
distance,5,0.3142677561282213
is,5,0.3142677561282213
convert,5,0.3142677561282213
metrics,4,0.251414204902577
repr,4,0.251414204902577
matrix,4,0.251414204902577
preprocess,4,0.251414204902577
idft,4,0.251414204902577
affine,4,0.251414204902577
f,4,0.251414204902577
postprocess,4,0.251414204902577
dft,4,0.251414204902577
zncc,4,0.251414204902577
tlwh,4,0.251414204902577
mean,4,0.251414204902577
mediapipe,4,0.251414204902577
stracks,3,0.1885606536769327
tracker,3,0.1885606536769327
activate,3,0.1885606536769327
cost,3,0.1885606536769327
next,3,0.1885606536769327
fuse,3,0.1885606536769327
motion,3,0.1885606536769327
points,3,0.1885606536769327
iter,3,0.1885606536769327
boxes,3,0.1885606536769327
objects,3,0.1885606536769327
debug,3,0.1885606536769327
object,3,0.1885606536769327
error,3,0.1885606536769327
multi,3,0.1885606536769327
invalid,3,0.1885606536769327
print,3,0.1885606536769327
tlbr,3,0.1885606536769327
and,3,0.1885606536769327
hsv,3,0.1885606536769327
statistics,3,0.1885606536769327
dataset,3,0.1885606536769327
sne,3,0.1885606536769327
size,3,0.1885606536769327
connection,3,0.1885606536769327
idct,3,0.1885606536769327
dct,3,0.1885606536769327
lpf,3,0.1885606536769327
hist,3,0.1885606536769327
bgr,3,0.1885606536769327
evaluate,3,0.1885606536769327
random,3,0.1885606536769327
t,3,0.1885606536769327
ransac,3,0.1885606536769327
dpg,3,0.1885606536769327
select,3,0.1885606536769327
pos,3,0.1885606536769327
gabor,3,0.1885606536769327
func,2,0.1257071024512885
label,2,0.1257071024512885
base,2,0.1257071024512885
collate,2,0.1257071024512885
target,2,0.1257071024512885
xywh,2,0.1257071024512885
block,2,0.1257071024512885
linear,2,0.1257071024512885
matches,2,0.1257071024512885
coco,2,0.1257071024512885
getitem,2,0.1257071024512885
tokenize,2,0.1257071024512885
xyxy,2,0.1257071024512885
caption,2,0.1257071024512885
d,2,0.1257071024512885
mse,2,0.1257071024512885
x,2,0.1257071024512885
rgb,2,0.1257071024512885
getattribute,2,0.1257071024512885
weight,2,0.1257071024512885
backprop,2,0.1257071024512885
derivative,2,0.1257071024512885
dets,2,0.1257071024512885
oo,2,0.1257071024512885
tika,2,0.1257071024512885
tracked,2,0.1257071024512885
step,2,0.1257071024512885
bitrate,2,0.1257071024512885
has,2,0.1257071024512885
stale,2,0.1257071024512885
pool,2,0.1257071024512885
fn,2,0.1257071024512885
track,2,0.1257071024512885
generator,2,0.1257071024512885
detections,2,0.1257071024512885
psnr,2,0.1257071024512885
feedforward,2,0.1257071024512885
depth,2,0.1257071024512885
xyah,2,0.1257071024512885
frame,2,0.1257071024512885
terminate,2,0.1257071024512885
flag,2,0.1257071024512885
aware,2,0.1257071024512885
agnostic,2,0.1257071024512885
decode,2,0.1257071024512885
graph,2,0.1257071024512885
menu,2,0.1257071024512885
import,2,0.1257071024512885
save,2,0.1257071024512885
face,2,0.1257071024512885
check,2,0.1257071024512885
value,2,0.1257071024512885
slot,2,0.1257071024512885
button,2,0.1257071024512885
pose,2,0.1257071024512885
classification,2,0.1257071024512885
calculate,2,0.1257071024512885
args,2,0.1257071024512885
export,2,0.1257071024512885
id,2,0.1257071024512885
ssd,2,0.1257071024512885
mark,2,0.1257071024512885
camera,2,0.1257071024512885
codec,1,0.0628535512256442
abbreviate,1,0.0628535512256442
arm,1,0.0628535512256442
description,1,0.0628535512256442
rotation,1,0.0628535512256442
capture,1,0.0628535512256442
screen,1,0.0628535512256442
recording,1,0.0628535512256442
drawlines,1,0.0628535512256442
hit,1,0.0628535512256442
receive,1,0.0628535512256442
backward,1,0.0628535512256442
concat,1,0.0628535512256442
ball,1,0.0628535512256442
test,1,0.0628535512256442
serial,1,0.0628535512256442
fourcc,1,0.0628535512256442
conditionally,1,0.0628535512256442
past,1,0.0628535512256442
cv,1,0.0628535512256442
validate,1,0.0628535512256442
theta,1,0.0628535512256442
message,1,0.0628535512256442
exit,1,0.0628535512256442
as,1,0.0628535512256442
table,1,0.0628535512256442
terminal,1,0.0628535512256442
phi,1,0.0628535512256442
cutout,1,0.0628535512256442
same,1,0.0628535512256442
fail,1,0.0628535512256442
detect,1,0.0628535512256442
write,1,0.0628535512256442
show,1,0.0628535512256442
output,1,0.0628535512256442
path,1,0.0628535512256442
del,1,0.0628535512256442
median,1,0.0628535512256442
matching,1,0.0628535512256442
interpolate,1,0.0628535512256442
bi,1,0.0628535512256442
sort,1,0.0628535512256442
prallel,1,0.0628535512256442
window,1,0.0628535512256442
link,1,0.0628535512256442
template,1,0.0628535512256442
instance,1,0.0628535512256442
async,1,0.0628535512256442
sorted,1,0.0628535512256442
files,1,0.0628535512256442
package,1,0.0628535512256442
quantization,1,0.0628535512256442
myfunc,1,0.0628535512256442
transform,1,0.0628535512256442
version,1,0.0628535512256442
img,1,0.0628535512256442
nn,1,0.0628535512256442
corre,1,0.0628535512256442
gamma,1,0.0628535512256442
param,1,0.0628535512256442
key,1,0.0628535512256442
mv,1,0.0628535512256442
last,1,0.0628535512256442
sampling,1,0.0628535512256442
reduce,1,0.0628535512256442
sad,1,0.0628535512256442
gausu,1,0.0628535512256442
estimate,1,0.0628535512256442
different,1,0.0628535512256442
read,1,0.0628535512256442
norm,1,0.0628535512256442
change,1,0.0628535512256442
equation,1,0.0628535512256442
stereo,1,0.0628535512256442
live,1,0.0628535512256442
in,1,0.0628535512256442
inertia,1,0.0628535512256442
euclidean,1,0.0628535512256442
dim,1,0.0628535512256442
moment,1,0.0628535512256442
zero,1,0.0628535512256442
pad,1,0.0628535512256442
idxs,1,0.0628535512256442
palm,1,0.0628535512256442
anchors,1,0.0628535512256442
q,1,0.0628535512256442
r,1,0.0628535512256442
h,1,0.0628535512256442
p,1,0.0628535512256442
z,1,0.0628535512256442
position,1,0.0628535512256442
at,1,0.0628535512256442
data,1,0.0628535512256442
priors,1,0.0628535512256442
rectangle,1,0.0628535512256442
text,1,0.0628535512256442
qrcode,1,0.0628535512256442
singlepose,1,0.0628535512256442
angular,1,0.0628535512256442
initializing,1,0.0628535512256442
logger,1,0.0628535512256442
re,1,0.0628535512256442
sub,1,0.0628535512256442
remove,1,0.0628535512256442
duplicate,1,0.0628535512256442
initiate,1,0.0628535512256442
project,1,0.0628535512256442
gating,1,0.0628535512256442
merge,1,0.0628535512256442
removed,1,0.0628535512256442
indices,1,0.0628535512256442
lost,1,0.0628535512256442
assignment,1,0.0628535512256442
ious,1,0.0628535512256442
v,1,0.0628535512256442
embedding,1,0.0628535512256442
gate,1,0.0628535512256442
end,1,0.0628535512256442
score,1,0.0628535512256442
setup,1,0.0628535512256442
empty,1,0.0628535512256442
canvas,1,0.0628535512256442
kalman,1,0.0628535512256442
exponential,1,0.0628535512256442
semantic,1,0.0628535512256442
centroid,1,0.0628535512256442
od,1,0.0628535512256442
search,1,0.0628535512256442
with,1,0.0628535512256442
from,1,0.0628535512256442
accumulator,1,0.0628535512256442
compute,1,0.0628535512256442
remap,1,0.0628535512256442
load,1,0.0628535512256442
motchallenge,1,0.0628535512256442
compare,1,0.0628535512256442
dataframes,1,0.0628535512256442
eval,1,0.0628535512256442
mot,1,0.0628535512256442
challenge,1,0.0628535512256442
joint,1,0.0628535512256442
place,1,0.0628535512256442
objs,1,0.0628535512256442
segmentation,1,0.0628535512256442
estimation,1,0.0628535512256442
string,1,0.0628535512256442
none,1,0.0628535512256442
moving,1,0.0628535512256442
average,1,0.0628535512256442
tracking,1,0.0628535512256442
yunet,1,0.0628535512256442
facemesh,1,0.0628535512256442
unstale,1,0.0628535512256442
sequence,1,0.0628535512256442
movenet,1,0.0628535512256442
feature,1,0.0628535512256442
installed,1,0.0628535512256442
by,1,0.0628535512256442
active,1,0.0628535512256442
tracks,1,0.0628535512256442
cleanup,1,0.0628535512256442
trackers,1,0.0628535512256442
hands,1,0.0628535512256442
ensure,1,0.0628535512256442
packages,1,0.0628535512256442
similarity,1,0.0628535512256442

